timestamp,symbol,equity,action,test_start,test_end,chosen_param_id
2025-04-22 09:30:00,META,100000.0,HOLD,2025-04-22,2025-07-22,0
2025-04-22 10:00:00,META,100000.0,HOLD,2025-04-22,2025-07-22,0
2025-04-22 11:00:00,META,100000.0,HOLD,2025-04-22,2025-07-22,0
2025-04-22 12:00:00,META,100000.0,HOLD,2025-04-22,2025-07-22,0
2025-04-22 13:00:00,META,100000.0,HOLD,2025-04-22,2025-07-22,0
2025-04-22 14:00:00,META,100000.0,HOLD,2025-04-22,2025-07-22,0
2025-04-22 15:00:00,META,100000.0,HOLD,2025-04-22,2025-07-22,0
2025-04-23 09:30:00,META,100000.0,HOLD,2025-04-22,2025-07-22,0
2025-04-23 10:00:00,META,100000.0,HOLD,2025-04-22,2025-07-22,0
2025-04-23 11:00:00,META,100000.0,HOLD,2025-04-22,2025-07-22,0
2025-04-23 12:00:00,META,100000.0,HOLD,2025-04-22,2025-07-22,0
2025-04-23 13:00:00,META,100000.0,HOLD,2025-04-22,2025-07-22,0
2025-04-23 14:00:00,META,100000.0,HOLD,2025-04-22,2025-07-22,0
2025-04-23 15:00:00,META,100000.0,HOLD,2025-04-22,2025-07-22,0
2025-04-24 09:30:00,META,100000.0,HOLD,2025-04-22,2025-07-22,0
2025-04-24 10:00:00,META,100000.0,HOLD,2025-04-22,2025-07-22,0
2025-04-24 11:00:00,META,100000.0,HOLD,2025-04-22,2025-07-22,0
2025-04-24 12:00:00,META,100000.0,HOLD,2025-04-22,2025-07-22,0
2025-04-24 13:00:00,META,100000.0,HOLD,2025-04-22,2025-07-22,0
2025-04-24 14:00:00,META,100000.0,HOLD,2025-04-22,2025-07-22,0
2025-04-24 15:00:00,META,100000.0,HOLD,2025-04-22,2025-07-22,0
2025-04-25 09:30:00,META,100000.0,HOLD,2025-04-22,2025-07-22,0
2025-04-25 10:00:00,META,100000.0,HOLD,2025-04-22,2025-07-22,0
2025-04-25 11:00:00,META,100000.0,HOLD,2025-04-22,2025-07-22,0
2025-04-25 12:00:00,META,100000.0,HOLD,2025-04-22,2025-07-22,0
2025-04-25 13:00:00,META,100000.0,HOLD,2025-04-22,2025-07-22,0
2025-04-25 14:00:00,META,100000.0,HOLD,2025-04-22,2025-07-22,0
2025-04-25 15:00:00,META,100000.0,HOLD,2025-04-22,2025-07-22,0
2025-04-28 09:30:00,META,100000.0,HOLD,2025-04-22,2025-07-22,0
2025-04-28 10:00:00,META,100000.0,HOLD,2025-04-22,2025-07-22,0
2025-04-28 11:00:00,META,100000.0,HOLD,2025-04-22,2025-07-22,0
2025-04-28 12:00:00,META,100000.0,HOLD,2025-04-22,2025-07-22,0
2025-04-28 13:00:00,META,100000.0,HOLD,2025-04-22,2025-07-22,0
2025-04-28 14:00:00,META,100000.0,HOLD,2025-04-22,2025-07-22,0
2025-04-28 15:00:00,META,100000.0,HOLD,2025-04-22,2025-07-22,0
2025-04-29 09:30:00,META,100000.0,HOLD,2025-04-22,2025-07-22,0
2025-04-29 10:00:00,META,100000.0,HOLD,2025-04-22,2025-07-22,0
2025-04-29 11:00:00,META,100000.0,HOLD,2025-04-22,2025-07-22,0
2025-04-29 12:00:00,META,100000.0,HOLD,2025-04-22,2025-07-22,0
2025-04-29 13:00:00,META,100000.0,HOLD,2025-04-22,2025-07-22,0
2025-04-29 14:00:00,META,100000.0,HOLD,2025-04-22,2025-07-22,0
2025-04-29 15:00:00,META,100000.0,HOLD,2025-04-22,2025-07-22,0
2025-04-30 09:30:00,META,100000.0,HOLD,2025-04-22,2025-07-22,0
2025-04-30 10:00:00,META,100000.0,HOLD,2025-04-22,2025-07-22,0
2025-04-30 11:00:00,META,100000.0,HOLD,2025-04-22,2025-07-22,0
2025-04-30 12:00:00,META,100000.0,HOLD,2025-04-22,2025-07-22,0
2025-04-30 13:00:00,META,100000.0,HOLD,2025-04-22,2025-07-22,0
2025-04-30 14:00:00,META,100000.0,HOLD,2025-04-22,2025-07-22,0
2025-04-30 15:00:00,META,100000.0,HOLD,2025-04-22,2025-07-22,0
2025-05-01 09:30:00,META,100000.0,HOLD,2025-04-22,2025-07-22,0
2025-05-01 10:00:00,META,100000.0,HOLD,2025-04-22,2025-07-22,0
2025-05-01 11:00:00,META,100000.0,HOLD,2025-04-22,2025-07-22,0
2025-05-01 12:00:00,META,100000.0,HOLD,2025-04-22,2025-07-22,0
2025-05-01 13:00:00,META,100000.0,HOLD,2025-04-22,2025-07-22,0
2025-05-01 14:00:00,META,100000.0,HOLD,2025-04-22,2025-07-22,0
2025-05-01 15:00:00,META,100000.0,HOLD,2025-04-22,2025-07-22,0
2025-05-02 09:30:00,META,100000.0,HOLD,2025-04-22,2025-07-22,0
2025-05-02 10:00:00,META,100000.0,HOLD,2025-04-22,2025-07-22,0
2025-05-02 11:00:00,META,100000.0,HOLD,2025-04-22,2025-07-22,0
2025-05-02 12:00:00,META,100000.0,HOLD,2025-04-22,2025-07-22,0
2025-05-02 13:00:00,META,100000.0,HOLD,2025-04-22,2025-07-22,0
2025-05-02 14:00:00,META,100000.0,HOLD,2025-04-22,2025-07-22,0
2025-05-02 15:00:00,META,100000.0,HOLD,2025-04-22,2025-07-22,0
2025-05-05 09:30:00,META,100000.0,HOLD,2025-04-22,2025-07-22,0
2025-05-05 10:00:00,META,100000.0,HOLD,2025-04-22,2025-07-22,0
2025-05-05 11:00:00,META,100000.0,HOLD,2025-04-22,2025-07-22,0
2025-05-05 12:00:00,META,100000.0,HOLD,2025-04-22,2025-07-22,0
2025-05-05 13:00:00,META,100000.0,HOLD,2025-04-22,2025-07-22,0
2025-05-05 14:00:00,META,100000.0,HOLD,2025-04-22,2025-07-22,0
2025-05-05 15:00:00,META,100000.0,HOLD,2025-04-22,2025-07-22,0
2025-05-06 09:30:00,META,100000.0,HOLD,2025-04-22,2025-07-22,0
2025-05-06 10:00:00,META,100000.0,HOLD,2025-04-22,2025-07-22,0
2025-05-06 11:00:00,META,100000.0,HOLD,2025-04-22,2025-07-22,0
2025-05-06 12:00:00,META,100000.0,HOLD,2025-04-22,2025-07-22,0
2025-05-06 13:00:00,META,100000.0,HOLD,2025-04-22,2025-07-22,0
2025-05-06 14:00:00,META,100000.0,HOLD,2025-04-22,2025-07-22,0
2025-05-06 15:00:00,META,100000.0,HOLD,2025-04-22,2025-07-22,0
2025-05-07 09:30:00,META,100000.0,HOLD,2025-04-22,2025-07-22,0
2025-05-07 10:00:00,META,100000.0,HOLD,2025-04-22,2025-07-22,0
2025-05-07 11:00:00,META,100000.0,HOLD,2025-04-22,2025-07-22,0
2025-05-07 12:00:00,META,100000.0,HOLD,2025-04-22,2025-07-22,0
2025-05-07 13:00:00,META,100000.0,HOLD,2025-04-22,2025-07-22,0
2025-05-07 14:00:00,META,100000.0,HOLD,2025-04-22,2025-07-22,0
2025-05-07 15:00:00,META,100000.0,HOLD,2025-04-22,2025-07-22,0
2025-05-08 09:30:00,META,100000.0,HOLD,2025-04-22,2025-07-22,0
2025-05-08 10:00:00,META,100000.0,HOLD,2025-04-22,2025-07-22,0
2025-05-08 11:00:00,META,100000.0,HOLD,2025-04-22,2025-07-22,0
2025-05-08 12:00:00,META,100000.0,HOLD,2025-04-22,2025-07-22,0
2025-05-08 13:00:00,META,100000.0,HOLD,2025-04-22,2025-07-22,0
2025-05-08 14:00:00,META,100000.0,HOLD,2025-04-22,2025-07-22,0
2025-05-08 15:00:00,META,100000.0,HOLD,2025-04-22,2025-07-22,0
2025-05-09 09:30:00,META,100000.0,HOLD,2025-04-22,2025-07-22,0
2025-05-09 10:00:00,META,100000.0,HOLD,2025-04-22,2025-07-22,0
2025-05-09 11:00:00,META,100000.0,HOLD,2025-04-22,2025-07-22,0
2025-05-09 12:00:00,META,100000.0,HOLD,2025-04-22,2025-07-22,0
2025-05-09 13:00:00,META,100000.0,HOLD,2025-04-22,2025-07-22,0
2025-05-09 14:00:00,META,100000.0,HOLD,2025-04-22,2025-07-22,0
2025-05-09 15:00:00,META,100000.0,HOLD,2025-04-22,2025-07-22,0
2025-05-12 09:30:00,META,100000.0,HOLD,2025-04-22,2025-07-22,0
2025-05-12 10:00:00,META,100000.0,HOLD,2025-04-22,2025-07-22,0
2025-05-12 11:00:00,META,100000.0,HOLD,2025-04-22,2025-07-22,0
2025-05-12 12:00:00,META,100000.0,HOLD,2025-04-22,2025-07-22,0
2025-05-12 13:00:00,META,100000.0,HOLD,2025-04-22,2025-07-22,0
2025-05-12 14:00:00,META,100000.0,HOLD,2025-04-22,2025-07-22,0
2025-05-12 15:00:00,META,100000.0,HOLD,2025-04-22,2025-07-22,0
2025-05-13 09:30:00,META,100000.0,HOLD,2025-04-22,2025-07-22,0
2025-05-13 10:00:00,META,100000.0,HOLD,2025-04-22,2025-07-22,0
2025-05-13 11:00:00,META,100000.0,HOLD,2025-04-22,2025-07-22,0
2025-05-13 12:00:00,META,100000.0,HOLD,2025-04-22,2025-07-22,0
2025-05-13 13:00:00,META,100000.0,HOLD,2025-04-22,2025-07-22,0
2025-05-13 14:00:00,META,100000.0,HOLD,2025-04-22,2025-07-22,0
2025-05-13 15:00:00,META,100000.0,HOLD,2025-04-22,2025-07-22,0
2025-05-14 09:30:00,META,100000.0,HOLD,2025-04-22,2025-07-22,0
2025-05-14 10:00:00,META,100000.0,HOLD,2025-04-22,2025-07-22,0
2025-05-14 11:00:00,META,100000.0,HOLD,2025-04-22,2025-07-22,0
2025-05-14 12:00:00,META,100000.0,HOLD,2025-04-22,2025-07-22,0
2025-05-14 13:00:00,META,100000.0,HOLD,2025-04-22,2025-07-22,0
2025-05-14 14:00:00,META,100000.0,HOLD,2025-04-22,2025-07-22,0
2025-05-14 15:00:00,META,100000.0,HOLD,2025-04-22,2025-07-22,0
2025-05-15 09:30:00,META,100000.0,HOLD,2025-04-22,2025-07-22,0
2025-05-15 10:00:00,META,100000.0,HOLD,2025-04-22,2025-07-22,0
2025-05-15 11:00:00,META,100000.0,HOLD,2025-04-22,2025-07-22,0
2025-05-15 12:00:00,META,100000.0,HOLD,2025-04-22,2025-07-22,0
2025-05-15 13:00:00,META,100000.0,HOLD,2025-04-22,2025-07-22,0
2025-05-15 14:00:00,META,100000.0,HOLD,2025-04-22,2025-07-22,0
2025-05-15 15:00:00,META,100000.0,HOLD,2025-04-22,2025-07-22,0
2025-05-16 09:30:00,META,100000.0,HOLD,2025-04-22,2025-07-22,0
2025-05-16 10:00:00,META,100000.0,HOLD,2025-04-22,2025-07-22,0
2025-05-16 11:00:00,META,100000.0,HOLD,2025-04-22,2025-07-22,0
2025-05-16 12:00:00,META,100000.0,HOLD,2025-04-22,2025-07-22,0
2025-05-16 13:00:00,META,100000.0,HOLD,2025-04-22,2025-07-22,0
2025-05-16 14:00:00,META,100000.0,HOLD,2025-04-22,2025-07-22,0
2025-05-16 15:00:00,META,100000.0,HOLD,2025-04-22,2025-07-22,0
2025-05-19 09:30:00,META,100000.0,HOLD,2025-04-22,2025-07-22,0
2025-05-19 10:00:00,META,100000.0,HOLD,2025-04-22,2025-07-22,0
2025-05-19 11:00:00,META,100000.0,HOLD,2025-04-22,2025-07-22,0
2025-05-19 12:00:00,META,100000.0,HOLD,2025-04-22,2025-07-22,0
2025-05-19 13:00:00,META,100000.0,HOLD,2025-04-22,2025-07-22,0
2025-05-19 14:00:00,META,100000.0,HOLD,2025-04-22,2025-07-22,0
2025-05-19 15:00:00,META,100000.0,HOLD,2025-04-22,2025-07-22,0
2025-05-20 09:30:00,META,100000.0,HOLD,2025-04-22,2025-07-22,0
2025-05-20 10:00:00,META,100000.0,HOLD,2025-04-22,2025-07-22,0
2025-05-20 11:00:00,META,100000.0,HOLD,2025-04-22,2025-07-22,0
2025-05-20 12:00:00,META,100000.0,HOLD,2025-04-22,2025-07-22,0
2025-05-20 13:00:00,META,100000.0,HOLD,2025-04-22,2025-07-22,0
2025-05-20 14:00:00,META,100000.0,HOLD,2025-04-22,2025-07-22,0
2025-05-20 15:00:00,META,100000.0,HOLD,2025-04-22,2025-07-22,0
2025-05-21 09:30:00,META,100000.0,HOLD,2025-04-22,2025-07-22,0
2025-05-21 10:00:00,META,100000.0,HOLD,2025-04-22,2025-07-22,0
2025-05-21 11:00:00,META,100000.0,HOLD,2025-04-22,2025-07-22,0
2025-05-21 12:00:00,META,100000.0,HOLD,2025-04-22,2025-07-22,0
2025-05-21 13:00:00,META,100000.0,HOLD,2025-04-22,2025-07-22,0
2025-05-21 14:00:00,META,100000.0,HOLD,2025-04-22,2025-07-22,0
2025-05-21 15:00:00,META,100000.0,HOLD,2025-04-22,2025-07-22,0
2025-05-22 09:30:00,META,100000.0,HOLD,2025-04-22,2025-07-22,0
2025-05-22 10:00:00,META,100000.0,HOLD,2025-04-22,2025-07-22,0
2025-05-22 11:00:00,META,100000.0,HOLD,2025-04-22,2025-07-22,0
2025-05-22 12:00:00,META,100000.0,HOLD,2025-04-22,2025-07-22,0
2025-05-22 13:00:00,META,100000.0,HOLD,2025-04-22,2025-07-22,0
2025-05-22 14:00:00,META,100000.0,HOLD,2025-04-22,2025-07-22,0
2025-05-22 15:00:00,META,100000.0,HOLD,2025-04-22,2025-07-22,0
2025-05-23 09:30:00,META,100000.0,HOLD,2025-04-22,2025-07-22,0
2025-05-23 10:00:00,META,100000.0,HOLD,2025-04-22,2025-07-22,0
2025-05-23 11:00:00,META,100000.0,HOLD,2025-04-22,2025-07-22,0
2025-05-23 12:00:00,META,100000.0,HOLD,2025-04-22,2025-07-22,0
2025-05-23 13:00:00,META,100000.0,HOLD,2025-04-22,2025-07-22,0
2025-05-23 14:00:00,META,100000.0,HOLD,2025-04-22,2025-07-22,0
2025-05-23 15:00:00,META,100000.0,HOLD,2025-04-22,2025-07-22,0
2025-05-27 09:30:00,META,100000.0,HOLD,2025-04-22,2025-07-22,0
2025-05-27 10:00:00,META,100000.0,HOLD,2025-04-22,2025-07-22,0
2025-05-27 11:00:00,META,100000.0,HOLD,2025-04-22,2025-07-22,0
2025-05-27 12:00:00,META,100000.0,HOLD,2025-04-22,2025-07-22,0
2025-05-27 13:00:00,META,100000.0,HOLD,2025-04-22,2025-07-22,0
2025-05-27 14:00:00,META,100000.0,HOLD,2025-04-22,2025-07-22,0
2025-05-27 15:00:00,META,100000.0,HOLD,2025-04-22,2025-07-22,0
2025-05-28 09:30:00,META,100000.0,HOLD,2025-04-22,2025-07-22,0
2025-05-28 10:00:00,META,100000.0,HOLD,2025-04-22,2025-07-22,0
2025-05-28 11:00:00,META,100000.0,HOLD,2025-04-22,2025-07-22,0
2025-05-28 12:00:00,META,100000.0,HOLD,2025-04-22,2025-07-22,0
2025-05-28 13:00:00,META,100000.0,HOLD,2025-04-22,2025-07-22,0
2025-05-28 14:00:00,META,100000.0,HOLD,2025-04-22,2025-07-22,0
2025-05-28 15:00:00,META,100000.0,HOLD,2025-04-22,2025-07-22,0
2025-05-29 09:30:00,META,100000.0,HOLD,2025-04-22,2025-07-22,0
2025-05-29 10:00:00,META,100000.0,HOLD,2025-04-22,2025-07-22,0
2025-05-29 11:00:00,META,100000.0,HOLD,2025-04-22,2025-07-22,0
2025-05-29 12:00:00,META,100000.0,HOLD,2025-04-22,2025-07-22,0
2025-05-29 13:00:00,META,100000.0,HOLD,2025-04-22,2025-07-22,0
2025-05-29 14:00:00,META,100000.0,HOLD,2025-04-22,2025-07-22,0
2025-05-29 15:00:00,META,100000.0,HOLD,2025-04-22,2025-07-22,0
2025-05-30 09:30:00,META,100000.0,HOLD,2025-04-22,2025-07-22,0
2025-05-30 10:00:00,META,100000.0,HOLD,2025-04-22,2025-07-22,0
2025-05-30 11:00:00,META,100000.0,HOLD,2025-04-22,2025-07-22,0
2025-05-30 12:00:00,META,100000.0,HOLD,2025-04-22,2025-07-22,0
2025-05-30 13:00:00,META,100000.0,HOLD,2025-04-22,2025-07-22,0
2025-05-30 14:00:00,META,100000.0,HOLD,2025-04-22,2025-07-22,0
2025-05-30 15:00:00,META,100000.0,HOLD,2025-04-22,2025-07-22,0
2025-06-02 09:30:00,META,100000.0,HOLD,2025-04-22,2025-07-22,0
2025-06-02 10:00:00,META,100000.0,HOLD,2025-04-22,2025-07-22,0
2025-06-02 11:00:00,META,100000.0,HOLD,2025-04-22,2025-07-22,0
2025-06-02 12:00:00,META,100000.0,HOLD,2025-04-22,2025-07-22,0
2025-06-02 13:00:00,META,100000.0,HOLD,2025-04-22,2025-07-22,0
2025-06-02 14:00:00,META,100000.0,HOLD,2025-04-22,2025-07-22,0
2025-06-02 15:00:00,META,100000.0,HOLD,2025-04-22,2025-07-22,0
2025-06-03 09:30:00,META,100000.0,HOLD,2025-04-22,2025-07-22,0
2025-06-03 10:00:00,META,100000.0,HOLD,2025-04-22,2025-07-22,0
2025-06-03 11:00:00,META,100000.0,HOLD,2025-04-22,2025-07-22,0
2025-06-03 12:00:00,META,100000.0,HOLD,2025-04-22,2025-07-22,0
2025-06-03 13:00:00,META,100000.0,HOLD,2025-04-22,2025-07-22,0
2025-06-03 14:00:00,META,100000.0,HOLD,2025-04-22,2025-07-22,0
2025-06-03 15:00:00,META,100000.0,HOLD,2025-04-22,2025-07-22,0
2025-06-04 09:30:00,META,99991.357792,ENTER_LONG,2025-04-22,2025-07-22,0
2025-06-04 10:00:00,META,100012.637792,HOLD,2025-04-22,2025-07-22,0
2025-06-04 11:00:00,META,99937.03779199999,HOLD,2025-04-22,2025-07-22,0
2025-06-04 12:00:00,META,100032.797792,HOLD,2025-04-22,2025-07-22,0
2025-06-04 13:00:00,META,100122.39779199999,HOLD,2025-04-22,2025-07-22,0
2025-06-04 14:00:00,META,100246.717792,HOLD,2025-04-22,2025-07-22,0
2025-06-04 15:00:00,META,100313.357792,HOLD,2025-04-22,2025-07-22,0
2025-06-05 09:30:00,META,100236.077792,HOLD,2025-04-22,2025-07-22,0
2025-06-05 10:00:00,META,100495.357792,HOLD,2025-04-22,2025-07-22,0
2025-06-05 11:00:00,META,100461.19779199999,HOLD,2025-04-22,2025-07-22,0
2025-06-05 12:00:00,META,100156.55779199999,HOLD,2025-04-22,2025-07-22,0
2025-06-05 13:00:00,META,100278.077792,HOLD,2025-04-22,2025-07-22,0
2025-06-05 14:00:00,META,100314.47779199999,HOLD,2025-04-22,2025-07-22,0
2025-06-05 15:00:00,META,100107.83779199999,HOLD,2025-04-22,2025-07-22,0
2025-06-06 09:30:00,META,100946.157792,HOLD,2025-04-22,2025-07-22,0
2025-06-06 10:00:00,META,100766.39779199999,HOLD,2025-04-22,2025-07-22,0
2025-06-06 11:00:00,META,100727.75779199999,HOLD,2025-04-22,2025-07-22,0
2025-06-06 12:00:00,META,100638.717792,HOLD,2025-04-22,2025-07-22,0
2025-06-06 13:00:00,META,100786.55779199999,HOLD,2025-04-22,2025-07-22,0
2025-06-06 14:00:00,META,100883.997792,HOLD,2025-04-22,2025-07-22,0
2025-06-06 15:00:00,META,100863.83779199999,HOLD,2025-04-22,2025-07-22,0
2025-06-09 09:30:00,META,101002.02774399999,EXIT,2025-04-22,2025-07-22,0
2025-06-09 10:00:00,META,101002.02774399999,HOLD,2025-04-22,2025-07-22,0
2025-06-09 11:00:00,META,101002.02774399999,HOLD,2025-04-22,2025-07-22,0
2025-06-09 12:00:00,META,101002.02774399999,HOLD,2025-04-22,2025-07-22,0
2025-06-09 13:00:00,META,101002.02774399999,HOLD,2025-04-22,2025-07-22,0
2025-06-09 14:00:00,META,101002.02774399999,HOLD,2025-04-22,2025-07-22,0
2025-06-09 15:00:00,META,101002.02774399999,HOLD,2025-04-22,2025-07-22,0
2025-06-10 09:30:00,META,101002.02774399999,HOLD,2025-04-22,2025-07-22,0
2025-06-10 10:00:00,META,101002.02774399999,HOLD,2025-04-22,2025-07-22,0
2025-06-10 11:00:00,META,101002.02774399999,HOLD,2025-04-22,2025-07-22,0
2025-06-10 12:00:00,META,101002.02774399999,HOLD,2025-04-22,2025-07-22,0
2025-06-10 13:00:00,META,101002.02774399999,HOLD,2025-04-22,2025-07-22,0
2025-06-10 14:00:00,META,101002.02774399999,HOLD,2025-04-22,2025-07-22,0
2025-06-10 15:00:00,META,101002.02774399999,HOLD,2025-04-22,2025-07-22,0
2025-06-11 09:30:00,META,101002.02774399999,HOLD,2025-04-22,2025-07-22,0
2025-06-11 10:00:00,META,101002.02774399999,HOLD,2025-04-22,2025-07-22,0
2025-06-11 11:00:00,META,101002.02774399999,HOLD,2025-04-22,2025-07-22,0
2025-06-11 12:00:00,META,101002.02774399999,HOLD,2025-04-22,2025-07-22,0
2025-06-11 13:00:00,META,101002.02774399999,HOLD,2025-04-22,2025-07-22,0
2025-06-11 14:00:00,META,101002.02774399999,HOLD,2025-04-22,2025-07-22,0
2025-06-11 15:00:00,META,101002.02774399999,HOLD,2025-04-22,2025-07-22,0
2025-06-12 09:30:00,META,101002.02774399999,HOLD,2025-04-22,2025-07-22,0
2025-06-12 10:00:00,META,101002.02774399999,HOLD,2025-04-22,2025-07-22,0
2025-06-12 11:00:00,META,101002.02774399999,HOLD,2025-04-22,2025-07-22,0
2025-06-12 12:00:00,META,101002.02774399999,HOLD,2025-04-22,2025-07-22,0
2025-06-12 13:00:00,META,101002.02774399999,HOLD,2025-04-22,2025-07-22,0
2025-06-12 14:00:00,META,101002.02774399999,HOLD,2025-04-22,2025-07-22,0
2025-06-12 15:00:00,META,101002.02774399999,HOLD,2025-04-22,2025-07-22,0
2025-06-13 09:30:00,META,101002.02774399999,HOLD,2025-04-22,2025-07-22,0
2025-06-13 10:00:00,META,101002.02774399999,HOLD,2025-04-22,2025-07-22,0
2025-06-13 11:00:00,META,101002.02774399999,HOLD,2025-04-22,2025-07-22,0
2025-06-13 12:00:00,META,101002.02774399999,HOLD,2025-04-22,2025-07-22,0
2025-06-13 13:00:00,META,101002.02774399999,HOLD,2025-04-22,2025-07-22,0
2025-06-13 14:00:00,META,101002.02774399999,HOLD,2025-04-22,2025-07-22,0
2025-06-13 15:00:00,META,101002.02774399999,HOLD,2025-04-22,2025-07-22,0
2025-06-16 09:30:00,META,101002.02774399999,HOLD,2025-04-22,2025-07-22,0
2025-06-16 10:00:00,META,101002.02774399999,HOLD,2025-04-22,2025-07-22,0
2025-06-16 11:00:00,META,101002.02774399999,HOLD,2025-04-22,2025-07-22,0
2025-06-16 12:00:00,META,101002.02774399999,HOLD,2025-04-22,2025-07-22,0
2025-06-16 13:00:00,META,101002.02774399999,HOLD,2025-04-22,2025-07-22,0
2025-06-16 14:00:00,META,101002.02774399999,HOLD,2025-04-22,2025-07-22,0
2025-06-16 15:00:00,META,101002.02774399999,HOLD,2025-04-22,2025-07-22,0
2025-06-17 09:30:00,META,101002.02774399999,HOLD,2025-04-22,2025-07-22,0
2025-06-17 10:00:00,META,101002.02774399999,HOLD,2025-04-22,2025-07-22,0
2025-06-17 11:00:00,META,101002.02774399999,HOLD,2025-04-22,2025-07-22,0
2025-06-17 12:00:00,META,101002.02774399999,HOLD,2025-04-22,2025-07-22,0
2025-06-17 13:00:00,META,101002.02774399999,HOLD,2025-04-22,2025-07-22,0
2025-06-17 14:00:00,META,101002.02774399999,HOLD,2025-04-22,2025-07-22,0
2025-06-17 15:00:00,META,101002.02774399999,HOLD,2025-04-22,2025-07-22,0
2025-06-18 09:30:00,META,101002.02774399999,HOLD,2025-04-22,2025-07-22,0
2025-06-18 10:00:00,META,101002.02774399999,HOLD,2025-04-22,2025-07-22,0
2025-06-18 11:00:00,META,101002.02774399999,HOLD,2025-04-22,2025-07-22,0
2025-06-18 12:00:00,META,101002.02774399999,HOLD,2025-04-22,2025-07-22,0
2025-06-18 13:00:00,META,101002.02774399999,HOLD,2025-04-22,2025-07-22,0
2025-06-18 14:00:00,META,101002.02774399999,HOLD,2025-04-22,2025-07-22,0
2025-06-18 15:00:00,META,101002.02774399999,HOLD,2025-04-22,2025-07-22,0
2025-06-20 09:30:00,META,101002.02774399999,HOLD,2025-04-22,2025-07-22,0
2025-06-20 10:00:00,META,101002.02774399999,HOLD,2025-04-22,2025-07-22,0
2025-06-20 11:00:00,META,101002.02774399999,HOLD,2025-04-22,2025-07-22,0
2025-06-20 12:00:00,META,101002.02774399999,HOLD,2025-04-22,2025-07-22,0
2025-06-20 13:00:00,META,101002.02774399999,HOLD,2025-04-22,2025-07-22,0
2025-06-20 14:00:00,META,101002.02774399999,HOLD,2025-04-22,2025-07-22,0
2025-06-20 15:00:00,META,101002.02774399999,HOLD,2025-04-22,2025-07-22,0
2025-06-23 09:30:00,META,101002.02774399999,HOLD,2025-04-22,2025-07-22,0
2025-06-23 10:00:00,META,101002.02774399999,HOLD,2025-04-22,2025-07-22,0
2025-06-23 11:00:00,META,101002.02774399999,HOLD,2025-04-22,2025-07-22,0
2025-06-23 12:00:00,META,101002.02774399999,HOLD,2025-04-22,2025-07-22,0
2025-06-23 13:00:00,META,101002.02774399999,HOLD,2025-04-22,2025-07-22,0
2025-06-23 14:00:00,META,101002.02774399999,HOLD,2025-04-22,2025-07-22,0
2025-06-23 15:00:00,META,101002.02774399999,HOLD,2025-04-22,2025-07-22,0
2025-06-24 09:30:00,META,101002.02774399999,HOLD,2025-04-22,2025-07-22,0
2025-06-24 10:00:00,META,101002.02774399999,HOLD,2025-04-22,2025-07-22,0
2025-06-24 11:00:00,META,101002.02774399999,HOLD,2025-04-22,2025-07-22,0
2025-06-24 12:00:00,META,101002.02774399999,HOLD,2025-04-22,2025-07-22,0
2025-06-24 13:00:00,META,100993.07552,ENTER_LONG,2025-04-22,2025-07-22,0
2025-06-24 14:00:00,META,101080.43552,HOLD,2025-04-22,2025-07-22,0
2025-06-24 15:00:00,META,101112.91552,HOLD,2025-04-22,2025-07-22,0
2025-06-25 09:30:00,META,101173.95552,HOLD,2025-04-22,2025-07-22,0
2025-06-25 10:00:00,META,101173.95552,HOLD,2025-04-22,2025-07-22,0
2025-06-25 11:00:00,META,101075.39552,HOLD,2025-04-22,2025-07-22,0
2025-06-25 12:00:00,META,100924.19552,HOLD,2025-04-22,2025-07-22,0
2025-06-25 13:00:00,META,100749.47551999999,HOLD,2025-04-22,2025-07-22,0
2025-06-25 14:00:00,META,100852.51552,HOLD,2025-04-22,2025-07-22,0
2025-06-25 15:00:00,META,100916.35552,HOLD,2025-04-22,2025-07-22,0
2025-06-26 09:30:00,META,101384.51552,HOLD,2025-04-22,2025-07-22,0
2025-06-26 10:00:00,META,101488.67552,HOLD,2025-04-22,2025-07-22,0
2025-06-26 11:00:00,META,101700.35552,HOLD,2025-04-22,2025-07-22,0
2025-06-26 12:00:00,META,101765.87552,HOLD,2025-04-22,2025-07-22,0
2025-06-26 13:00:00,META,101870.59552,HOLD,2025-04-22,2025-07-22,0
2025-06-26 14:00:00,META,101887.95552,HOLD,2025-04-22,2025-07-22,0
2025-06-26 15:00:00,META,101914.83552,HOLD,2025-04-22,2025-07-22,0
2025-06-27 09:30:00,META,102244.11552,HOLD,2025-04-22,2025-07-22,0
2025-06-27 10:00:00,META,102063.79552,HOLD,2025-04-22,2025-07-22,0
2025-06-27 11:00:00,META,102208.27552,HOLD,2025-04-22,2025-07-22,0
2025-06-27 12:00:00,META,102175.23552,HOLD,2025-04-22,2025-07-22,0
2025-06-27 13:00:00,META,102152.27552,HOLD,2025-04-22,2025-07-22,0
2025-06-27 14:00:00,META,101934.43552,HOLD,2025-04-22,2025-07-22,0
2025-06-27 15:00:00,META,102318.59552,HOLD,2025-04-22,2025-07-22,0
2025-06-30 09:30:00,META,102811.043824,EXIT,2025-04-22,2025-07-22,0
2025-06-30 10:00:00,META,102811.043824,HOLD,2025-04-22,2025-07-22,0
2025-06-30 11:00:00,META,102811.043824,HOLD,2025-04-22,2025-07-22,0
2025-06-30 12:00:00,META,102811.043824,HOLD,2025-04-22,2025-07-22,0
2025-06-30 13:00:00,META,102811.043824,HOLD,2025-04-22,2025-07-22,0
2025-06-30 14:00:00,META,102811.043824,HOLD,2025-04-22,2025-07-22,0
2025-06-30 15:00:00,META,102811.043824,HOLD,2025-04-22,2025-07-22,0
2025-07-01 09:30:00,META,102811.043824,HOLD,2025-04-22,2025-07-22,0
2025-07-01 10:00:00,META,102811.043824,HOLD,2025-04-22,2025-07-22,0
2025-07-01 11:00:00,META,102811.043824,HOLD,2025-04-22,2025-07-22,0
2025-07-01 12:00:00,META,102811.043824,HOLD,2025-04-22,2025-07-22,0
2025-07-01 13:00:00,META,102811.043824,HOLD,2025-04-22,2025-07-22,0
2025-07-01 14:00:00,META,102811.043824,HOLD,2025-04-22,2025-07-22,0
2025-07-01 15:00:00,META,102811.043824,HOLD,2025-04-22,2025-07-22,0
2025-07-02 09:30:00,META,102811.043824,HOLD,2025-04-22,2025-07-22,0
2025-07-02 10:00:00,META,102811.043824,HOLD,2025-04-22,2025-07-22,0
2025-07-02 11:00:00,META,102811.043824,HOLD,2025-04-22,2025-07-22,0
2025-07-02 12:00:00,META,102811.043824,HOLD,2025-04-22,2025-07-22,0
2025-07-02 13:00:00,META,102811.043824,HOLD,2025-04-22,2025-07-22,0
2025-07-02 14:00:00,META,102811.043824,HOLD,2025-04-22,2025-07-22,0
2025-07-02 15:00:00,META,102811.043824,HOLD,2025-04-22,2025-07-22,0
2025-07-03 09:30:00,META,102811.043824,HOLD,2025-04-22,2025-07-22,0
2025-07-03 10:00:00,META,102811.043824,HOLD,2025-04-22,2025-07-22,0
2025-07-03 11:00:00,META,102811.043824,HOLD,2025-04-22,2025-07-22,0
2025-07-03 12:00:00,META,102811.043824,HOLD,2025-04-22,2025-07-22,0
2025-07-07 09:30:00,META,102811.043824,HOLD,2025-04-22,2025-07-22,0
2025-07-07 10:00:00,META,102811.043824,HOLD,2025-04-22,2025-07-22,0
2025-07-07 11:00:00,META,102811.043824,HOLD,2025-04-22,2025-07-22,0
2025-07-07 12:00:00,META,102811.043824,HOLD,2025-04-22,2025-07-22,0
2025-07-07 13:00:00,META,102811.043824,HOLD,2025-04-22,2025-07-22,0
2025-07-07 14:00:00,META,102811.043824,HOLD,2025-04-22,2025-07-22,0
2025-07-07 15:00:00,META,102811.043824,HOLD,2025-04-22,2025-07-22,0
2025-07-08 09:30:00,META,102811.043824,HOLD,2025-04-22,2025-07-22,0
2025-07-08 10:00:00,META,102811.043824,HOLD,2025-04-22,2025-07-22,0
2025-07-08 11:00:00,META,102811.043824,HOLD,2025-04-22,2025-07-22,0
2025-07-08 12:00:00,META,102811.043824,HOLD,2025-04-22,2025-07-22,0
2025-07-08 13:00:00,META,102811.043824,HOLD,2025-04-22,2025-07-22,0
2025-07-08 14:00:00,META,102811.043824,HOLD,2025-04-22,2025-07-22,0
2025-07-08 15:00:00,META,102811.043824,HOLD,2025-04-22,2025-07-22,0
2025-07-09 09:30:00,META,102811.043824,HOLD,2025-04-22,2025-07-22,0
2025-07-09 10:00:00,META,102811.043824,HOLD,2025-04-22,2025-07-22,0
2025-07-09 11:00:00,META,102811.043824,HOLD,2025-04-22,2025-07-22,0
2025-07-09 12:00:00,META,102811.043824,HOLD,2025-04-22,2025-07-22,0
2025-07-09 13:00:00,META,102811.043824,HOLD,2025-04-22,2025-07-22,0
2025-07-09 14:00:00,META,102811.043824,HOLD,2025-04-22,2025-07-22,0
2025-07-09 15:00:00,META,102811.043824,HOLD,2025-04-22,2025-07-22,0
2025-07-10 09:30:00,META,102811.043824,HOLD,2025-04-22,2025-07-22,0
2025-07-10 10:00:00,META,102811.043824,HOLD,2025-04-22,2025-07-22,0
2025-07-10 11:00:00,META,102811.043824,HOLD,2025-04-22,2025-07-22,0
2025-07-10 12:00:00,META,102811.043824,HOLD,2025-04-22,2025-07-22,0
2025-07-10 13:00:00,META,102811.043824,HOLD,2025-04-22,2025-07-22,0
2025-07-10 14:00:00,META,102811.043824,HOLD,2025-04-22,2025-07-22,0
2025-07-10 15:00:00,META,102811.043824,HOLD,2025-04-22,2025-07-22,0
2025-07-11 09:30:00,META,102811.043824,HOLD,2025-04-22,2025-07-22,0
2025-07-11 10:00:00,META,102811.043824,HOLD,2025-04-22,2025-07-22,0
2025-07-11 11:00:00,META,102811.043824,HOLD,2025-04-22,2025-07-22,0
2025-07-11 12:00:00,META,102811.043824,HOLD,2025-04-22,2025-07-22,0
2025-07-11 13:00:00,META,102811.043824,HOLD,2025-04-22,2025-07-22,0
2025-07-11 14:00:00,META,102811.043824,HOLD,2025-04-22,2025-07-22,0
2025-07-11 15:00:00,META,102811.043824,HOLD,2025-04-22,2025-07-22,0
2025-07-14 09:30:00,META,102811.043824,HOLD,2025-04-22,2025-07-22,0
2025-07-14 10:00:00,META,102811.043824,HOLD,2025-04-22,2025-07-22,0
2025-07-14 11:00:00,META,102811.043824,HOLD,2025-04-22,2025-07-22,0
2025-07-14 12:00:00,META,102811.043824,HOLD,2025-04-22,2025-07-22,0
2025-07-14 13:00:00,META,102811.043824,HOLD,2025-04-22,2025-07-22,0
2025-07-14 14:00:00,META,102811.043824,HOLD,2025-04-22,2025-07-22,0
2025-07-14 15:00:00,META,102811.043824,HOLD,2025-04-22,2025-07-22,0
2025-07-15 09:30:00,META,102811.043824,HOLD,2025-04-22,2025-07-22,0
2025-07-15 10:00:00,META,102811.043824,HOLD,2025-04-22,2025-07-22,0
2025-07-15 11:00:00,META,102811.043824,HOLD,2025-04-22,2025-07-22,0
2025-07-15 12:00:00,META,102811.043824,HOLD,2025-04-22,2025-07-22,0
2025-07-15 13:00:00,META,102811.043824,HOLD,2025-04-22,2025-07-22,0
2025-07-15 14:00:00,META,102811.043824,HOLD,2025-04-22,2025-07-22,0
2025-07-15 15:00:00,META,102811.043824,HOLD,2025-04-22,2025-07-22,0
2025-07-16 09:30:00,META,102811.043824,HOLD,2025-04-22,2025-07-22,0
2025-07-16 10:00:00,META,102811.043824,HOLD,2025-04-22,2025-07-22,0
2025-07-16 11:00:00,META,102811.043824,HOLD,2025-04-22,2025-07-22,0
2025-07-16 12:00:00,META,102811.043824,HOLD,2025-04-22,2025-07-22,0
2025-07-16 13:00:00,META,102811.043824,HOLD,2025-04-22,2025-07-22,0
2025-07-16 14:00:00,META,102811.043824,HOLD,2025-04-22,2025-07-22,0
2025-07-16 15:00:00,META,102811.043824,HOLD,2025-04-22,2025-07-22,0
2025-07-17 09:30:00,META,102811.043824,HOLD,2025-04-22,2025-07-22,0
2025-07-17 10:00:00,META,102811.043824,HOLD,2025-04-22,2025-07-22,0
2025-07-17 11:00:00,META,102811.043824,HOLD,2025-04-22,2025-07-22,0
2025-07-17 12:00:00,META,102811.043824,HOLD,2025-04-22,2025-07-22,0
2025-07-17 13:00:00,META,102811.043824,HOLD,2025-04-22,2025-07-22,0
2025-07-17 14:00:00,META,102811.043824,HOLD,2025-04-22,2025-07-22,0
2025-07-17 15:00:00,META,102811.043824,HOLD,2025-04-22,2025-07-22,0
2025-07-18 09:30:00,META,102811.043824,HOLD,2025-04-22,2025-07-22,0
2025-07-18 10:00:00,META,102811.043824,HOLD,2025-04-22,2025-07-22,0
2025-07-18 11:00:00,META,102811.043824,HOLD,2025-04-22,2025-07-22,0
2025-07-18 12:00:00,META,102811.043824,HOLD,2025-04-22,2025-07-22,0
2025-07-18 13:00:00,META,102811.043824,HOLD,2025-04-22,2025-07-22,0
2025-07-18 14:00:00,META,102811.043824,HOLD,2025-04-22,2025-07-22,0
2025-07-18 15:00:00,META,102811.043824,HOLD,2025-04-22,2025-07-22,0
2025-07-21 09:30:00,META,102811.043824,HOLD,2025-04-22,2025-07-22,0
2025-07-21 10:00:00,META,102811.043824,HOLD,2025-04-22,2025-07-22,0
2025-07-21 11:00:00,META,102811.043824,HOLD,2025-04-22,2025-07-22,0
2025-07-21 12:00:00,META,102811.043824,HOLD,2025-04-22,2025-07-22,0
2025-07-21 13:00:00,META,102811.043824,HOLD,2025-04-22,2025-07-22,0
2025-07-21 14:00:00,META,102811.043824,HOLD,2025-04-22,2025-07-22,0
2025-07-21 15:00:00,META,102811.043824,HOLD,2025-04-22,2025-07-22,0
2025-07-22 09:30:00,META,102811.043824,HOLD,2025-04-22,2025-07-22,0
2025-07-22 10:00:00,META,102811.043824,HOLD,2025-04-22,2025-07-22,0
2025-07-22 11:00:00,META,102811.043824,HOLD,2025-04-22,2025-07-22,0
2025-07-22 12:00:00,META,102811.043824,HOLD,2025-04-22,2025-07-22,0
2025-07-22 13:00:00,META,102811.043824,HOLD,2025-04-22,2025-07-22,0
2025-07-22 14:00:00,META,102811.043824,HOLD,2025-04-22,2025-07-22,0
2025-07-22 15:00:00,META,102811.043824,HOLD,2025-04-22,2025-07-22,0
2025-07-23 09:30:00,META,102811.043824,HOLD,2025-07-23,2025-10-20,0
2025-07-23 10:00:00,META,102811.043824,HOLD,2025-07-23,2025-10-20,0
2025-07-23 11:00:00,META,102811.043824,HOLD,2025-07-23,2025-10-20,0
2025-07-23 12:00:00,META,102811.043824,HOLD,2025-07-23,2025-10-20,0
2025-07-23 13:00:00,META,102811.043824,HOLD,2025-07-23,2025-10-20,0
2025-07-23 14:00:00,META,102811.043824,HOLD,2025-07-23,2025-10-20,0
2025-07-23 15:00:00,META,102811.043824,HOLD,2025-07-23,2025-10-20,0
2025-07-24 09:30:00,META,102811.043824,HOLD,2025-07-23,2025-10-20,0
2025-07-24 10:00:00,META,102811.043824,HOLD,2025-07-23,2025-10-20,0
2025-07-24 11:00:00,META,102811.043824,HOLD,2025-07-23,2025-10-20,0
2025-07-24 12:00:00,META,102811.043824,HOLD,2025-07-23,2025-10-20,0
2025-07-24 13:00:00,META,102811.043824,HOLD,2025-07-23,2025-10-20,0
2025-07-24 14:00:00,META,102811.043824,HOLD,2025-07-23,2025-10-20,0
2025-07-24 15:00:00,META,102811.043824,HOLD,2025-07-23,2025-10-20,0
2025-07-25 09:30:00,META,102811.043824,HOLD,2025-07-23,2025-10-20,0
2025-07-25 10:00:00,META,102811.043824,HOLD,2025-07-23,2025-10-20,0
2025-07-25 11:00:00,META,102811.043824,HOLD,2025-07-23,2025-10-20,0
2025-07-25 12:00:00,META,102811.043824,HOLD,2025-07-23,2025-10-20,0
2025-07-25 13:00:00,META,102811.043824,HOLD,2025-07-23,2025-10-20,0
2025-07-25 14:00:00,META,102811.043824,HOLD,2025-07-23,2025-10-20,0
2025-07-25 15:00:00,META,102811.043824,HOLD,2025-07-23,2025-10-20,0
2025-07-28 09:30:00,META,102811.043824,HOLD,2025-07-23,2025-10-20,0
2025-07-28 10:00:00,META,102811.043824,HOLD,2025-07-23,2025-10-20,0
2025-07-28 11:00:00,META,102811.043824,HOLD,2025-07-23,2025-10-20,0
2025-07-28 12:00:00,META,102811.043824,HOLD,2025-07-23,2025-10-20,0
2025-07-28 13:00:00,META,102811.043824,HOLD,2025-07-23,2025-10-20,0
2025-07-28 14:00:00,META,102811.043824,HOLD,2025-07-23,2025-10-20,0
2025-07-28 15:00:00,META,102811.043824,HOLD,2025-07-23,2025-10-20,0
2025-07-29 09:30:00,META,102811.043824,HOLD,2025-07-23,2025-10-20,0
2025-07-29 10:00:00,META,102811.043824,HOLD,2025-07-23,2025-10-20,0
2025-07-29 11:00:00,META,102811.043824,HOLD,2025-07-23,2025-10-20,0
2025-07-29 12:00:00,META,102811.043824,HOLD,2025-07-23,2025-10-20,0
2025-07-29 13:00:00,META,102811.043824,HOLD,2025-07-23,2025-10-20,0
2025-07-29 14:00:00,META,102811.043824,HOLD,2025-07-23,2025-10-20,0
2025-07-29 15:00:00,META,102811.043824,HOLD,2025-07-23,2025-10-20,0
2025-07-30 09:30:00,META,102811.043824,HOLD,2025-07-23,2025-10-20,0
2025-07-30 10:00:00,META,102811.043824,HOLD,2025-07-23,2025-10-20,0
2025-07-30 11:00:00,META,102811.043824,HOLD,2025-07-23,2025-10-20,0
2025-07-30 12:00:00,META,102811.043824,HOLD,2025-07-23,2025-10-20,0
2025-07-30 13:00:00,META,102811.043824,HOLD,2025-07-23,2025-10-20,0
2025-07-30 14:00:00,META,102811.043824,HOLD,2025-07-23,2025-10-20,0
2025-07-30 15:00:00,META,102811.043824,HOLD,2025-07-23,2025-10-20,0
2025-07-31 09:30:00,META,102811.043824,HOLD,2025-07-23,2025-10-20,0
2025-07-31 10:00:00,META,102811.043824,HOLD,2025-07-23,2025-10-20,0
2025-07-31 11:00:00,META,102811.043824,HOLD,2025-07-23,2025-10-20,0
2025-07-31 12:00:00,META,102811.043824,HOLD,2025-07-23,2025-10-20,0
2025-07-31 13:00:00,META,102811.043824,HOLD,2025-07-23,2025-10-20,0
2025-07-31 14:00:00,META,102811.043824,HOLD,2025-07-23,2025-10-20,0
2025-07-31 15:00:00,META,102811.043824,HOLD,2025-07-23,2025-10-20,0
2025-08-01 09:30:00,META,102811.043824,HOLD,2025-07-23,2025-10-20,0
2025-08-01 10:00:00,META,102811.043824,HOLD,2025-07-23,2025-10-20,0
2025-08-01 11:00:00,META,102811.043824,HOLD,2025-07-23,2025-10-20,0
2025-08-01 12:00:00,META,102811.043824,HOLD,2025-07-23,2025-10-20,0
2025-08-01 13:00:00,META,102811.043824,HOLD,2025-07-23,2025-10-20,0
2025-08-01 14:00:00,META,102811.043824,HOLD,2025-07-23,2025-10-20,0
2025-08-01 15:00:00,META,102811.043824,HOLD,2025-07-23,2025-10-20,0
2025-08-04 09:30:00,META,102811.043824,HOLD,2025-07-23,2025-10-20,0
2025-08-04 10:00:00,META,102811.043824,HOLD,2025-07-23,2025-10-20,0
2025-08-04 11:00:00,META,102811.043824,HOLD,2025-07-23,2025-10-20,0
2025-08-04 12:00:00,META,102811.043824,HOLD,2025-07-23,2025-10-20,0
2025-08-04 13:00:00,META,102811.043824,HOLD,2025-07-23,2025-10-20,0
2025-08-04 14:00:00,META,102811.043824,HOLD,2025-07-23,2025-10-20,0
2025-08-04 15:00:00,META,102811.043824,HOLD,2025-07-23,2025-10-20,0
2025-08-05 09:30:00,META,102811.043824,HOLD,2025-07-23,2025-10-20,0
2025-08-05 10:00:00,META,102811.043824,HOLD,2025-07-23,2025-10-20,0
2025-08-05 11:00:00,META,102811.043824,HOLD,2025-07-23,2025-10-20,0
2025-08-05 12:00:00,META,102811.043824,HOLD,2025-07-23,2025-10-20,0
2025-08-05 13:00:00,META,102811.043824,HOLD,2025-07-23,2025-10-20,0
2025-08-05 14:00:00,META,102811.043824,HOLD,2025-07-23,2025-10-20,0
2025-08-05 15:00:00,META,102811.043824,HOLD,2025-07-23,2025-10-20,0
2025-08-06 09:30:00,META,102811.043824,HOLD,2025-07-23,2025-10-20,0
2025-08-06 10:00:00,META,102811.043824,HOLD,2025-07-23,2025-10-20,0
2025-08-06 11:00:00,META,102811.043824,HOLD,2025-07-23,2025-10-20,0
2025-08-06 12:00:00,META,102811.043824,HOLD,2025-07-23,2025-10-20,0
2025-08-06 13:00:00,META,102811.043824,HOLD,2025-07-23,2025-10-20,0
2025-08-06 14:00:00,META,102811.043824,HOLD,2025-07-23,2025-10-20,0
2025-08-06 15:00:00,META,102811.043824,HOLD,2025-07-23,2025-10-20,0
2025-08-07 09:30:00,META,102811.043824,HOLD,2025-07-23,2025-10-20,0
2025-08-07 10:00:00,META,102811.043824,HOLD,2025-07-23,2025-10-20,0
2025-08-07 11:00:00,META,102811.043824,HOLD,2025-07-23,2025-10-20,0
2025-08-07 12:00:00,META,102811.043824,HOLD,2025-07-23,2025-10-20,0
2025-08-07 13:00:00,META,102811.043824,HOLD,2025-07-23,2025-10-20,0
2025-08-07 14:00:00,META,102811.043824,HOLD,2025-07-23,2025-10-20,0
2025-08-07 15:00:00,META,102811.043824,HOLD,2025-07-23,2025-10-20,0
2025-08-08 09:30:00,META,102811.043824,HOLD,2025-07-23,2025-10-20,0
2025-08-08 10:00:00,META,102811.043824,HOLD,2025-07-23,2025-10-20,0
2025-08-08 11:00:00,META,102811.043824,HOLD,2025-07-23,2025-10-20,0
2025-08-08 12:00:00,META,102811.043824,HOLD,2025-07-23,2025-10-20,0
2025-08-08 13:00:00,META,102811.043824,HOLD,2025-07-23,2025-10-20,0
2025-08-08 14:00:00,META,102811.043824,HOLD,2025-07-23,2025-10-20,0
2025-08-08 15:00:00,META,102811.043824,HOLD,2025-07-23,2025-10-20,0
2025-08-11 09:30:00,META,102811.043824,HOLD,2025-07-23,2025-10-20,0
2025-08-11 10:00:00,META,102811.043824,HOLD,2025-07-23,2025-10-20,0
2025-08-11 11:00:00,META,102811.043824,HOLD,2025-07-23,2025-10-20,0
2025-08-11 12:00:00,META,102811.043824,HOLD,2025-07-23,2025-10-20,0
2025-08-11 13:00:00,META,102811.043824,HOLD,2025-07-23,2025-10-20,0
2025-08-11 14:00:00,META,102811.043824,HOLD,2025-07-23,2025-10-20,0
2025-08-11 15:00:00,META,102811.043824,HOLD,2025-07-23,2025-10-20,0
2025-08-12 09:30:00,META,102811.043824,HOLD,2025-07-23,2025-10-20,0
2025-08-12 10:00:00,META,102811.043824,HOLD,2025-07-23,2025-10-20,0
2025-08-12 11:00:00,META,102811.043824,HOLD,2025-07-23,2025-10-20,0
2025-08-12 12:00:00,META,102811.043824,HOLD,2025-07-23,2025-10-20,0
2025-08-12 13:00:00,META,102811.043824,HOLD,2025-07-23,2025-10-20,0
2025-08-12 14:00:00,META,102811.043824,HOLD,2025-07-23,2025-10-20,0
2025-08-12 15:00:00,META,102811.043824,HOLD,2025-07-23,2025-10-20,0
2025-08-13 09:30:00,META,102811.043824,HOLD,2025-07-23,2025-10-20,0
2025-08-13 10:00:00,META,102811.043824,HOLD,2025-07-23,2025-10-20,0
2025-08-13 11:00:00,META,102811.043824,HOLD,2025-07-23,2025-10-20,0
2025-08-13 12:00:00,META,102811.043824,HOLD,2025-07-23,2025-10-20,0
2025-08-13 13:00:00,META,102811.043824,HOLD,2025-07-23,2025-10-20,0
2025-08-13 14:00:00,META,102811.043824,HOLD,2025-07-23,2025-10-20,0
2025-08-13 15:00:00,META,102811.043824,HOLD,2025-07-23,2025-10-20,0
2025-08-14 09:30:00,META,102811.043824,HOLD,2025-07-23,2025-10-20,0
2025-08-14 10:00:00,META,102811.043824,HOLD,2025-07-23,2025-10-20,0
2025-08-14 11:00:00,META,102811.043824,HOLD,2025-07-23,2025-10-20,0
2025-08-14 12:00:00,META,102811.043824,HOLD,2025-07-23,2025-10-20,0
2025-08-14 13:00:00,META,102811.043824,HOLD,2025-07-23,2025-10-20,0
2025-08-14 14:00:00,META,102811.043824,HOLD,2025-07-23,2025-10-20,0
2025-08-14 15:00:00,META,102811.043824,HOLD,2025-07-23,2025-10-20,0
2025-08-15 09:30:00,META,102811.043824,HOLD,2025-07-23,2025-10-20,0
2025-08-15 10:00:00,META,102811.043824,HOLD,2025-07-23,2025-10-20,0
2025-08-15 11:00:00,META,102811.043824,HOLD,2025-07-23,2025-10-20,0
2025-08-15 12:00:00,META,102811.043824,HOLD,2025-07-23,2025-10-20,0
2025-08-15 13:00:00,META,102811.043824,HOLD,2025-07-23,2025-10-20,0
2025-08-15 14:00:00,META,102811.043824,HOLD,2025-07-23,2025-10-20,0
2025-08-15 15:00:00,META,102811.043824,HOLD,2025-07-23,2025-10-20,0
2025-08-18 09:30:00,META,102811.043824,HOLD,2025-07-23,2025-10-20,0
2025-08-18 10:00:00,META,102811.043824,HOLD,2025-07-23,2025-10-20,0
2025-08-18 11:00:00,META,102811.043824,HOLD,2025-07-23,2025-10-20,0
2025-08-18 12:00:00,META,102811.043824,HOLD,2025-07-23,2025-10-20,0
2025-08-18 13:00:00,META,102811.043824,HOLD,2025-07-23,2025-10-20,0
2025-08-18 14:00:00,META,102811.043824,HOLD,2025-07-23,2025-10-20,0
2025-08-18 15:00:00,META,102811.043824,HOLD,2025-07-23,2025-10-20,0
2025-08-19 09:30:00,META,102811.043824,HOLD,2025-07-23,2025-10-20,0
2025-08-19 10:00:00,META,102811.043824,HOLD,2025-07-23,2025-10-20,0
2025-08-19 11:00:00,META,102811.043824,HOLD,2025-07-23,2025-10-20,0
2025-08-19 12:00:00,META,102811.043824,HOLD,2025-07-23,2025-10-20,0
2025-08-19 13:00:00,META,102811.043824,HOLD,2025-07-23,2025-10-20,0
2025-08-19 14:00:00,META,102811.043824,HOLD,2025-07-23,2025-10-20,0
2025-08-19 15:00:00,META,102811.043824,HOLD,2025-07-23,2025-10-20,0
2025-08-20 09:30:00,META,102811.043824,HOLD,2025-07-23,2025-10-20,0
2025-08-20 10:00:00,META,102811.043824,HOLD,2025-07-23,2025-10-20,0
2025-08-20 11:00:00,META,102811.043824,HOLD,2025-07-23,2025-10-20,0
2025-08-20 12:00:00,META,102811.043824,HOLD,2025-07-23,2025-10-20,0
2025-08-20 13:00:00,META,102811.043824,HOLD,2025-07-23,2025-10-20,0
2025-08-20 14:00:00,META,102811.043824,HOLD,2025-07-23,2025-10-20,0
2025-08-20 15:00:00,META,102811.043824,HOLD,2025-07-23,2025-10-20,0
2025-08-21 09:30:00,META,102811.043824,HOLD,2025-07-23,2025-10-20,0
2025-08-21 10:00:00,META,102811.043824,HOLD,2025-07-23,2025-10-20,0
2025-08-21 11:00:00,META,102811.043824,HOLD,2025-07-23,2025-10-20,0
2025-08-21 12:00:00,META,102811.043824,HOLD,2025-07-23,2025-10-20,0
2025-08-21 13:00:00,META,102811.043824,HOLD,2025-07-23,2025-10-20,0
2025-08-21 14:00:00,META,102811.043824,HOLD,2025-07-23,2025-10-20,0
2025-08-21 15:00:00,META,102811.043824,HOLD,2025-07-23,2025-10-20,0
2025-08-22 09:30:00,META,102811.043824,HOLD,2025-07-23,2025-10-20,0
2025-08-22 10:00:00,META,102811.043824,HOLD,2025-07-23,2025-10-20,0
2025-08-22 11:00:00,META,102811.043824,HOLD,2025-07-23,2025-10-20,0
2025-08-22 12:00:00,META,102811.043824,HOLD,2025-07-23,2025-10-20,0
2025-08-22 13:00:00,META,102811.043824,HOLD,2025-07-23,2025-10-20,0
2025-08-22 14:00:00,META,102811.043824,HOLD,2025-07-23,2025-10-20,0
2025-08-22 15:00:00,META,102811.043824,HOLD,2025-07-23,2025-10-20,0
2025-08-25 09:30:00,META,102811.043824,HOLD,2025-07-23,2025-10-20,0
2025-08-25 10:00:00,META,102811.043824,HOLD,2025-07-23,2025-10-20,0
2025-08-25 11:00:00,META,102811.043824,HOLD,2025-07-23,2025-10-20,0
2025-08-25 12:00:00,META,102811.043824,HOLD,2025-07-23,2025-10-20,0
2025-08-25 13:00:00,META,102811.043824,HOLD,2025-07-23,2025-10-20,0
2025-08-25 14:00:00,META,102811.043824,HOLD,2025-07-23,2025-10-20,0
2025-08-25 15:00:00,META,102811.043824,HOLD,2025-07-23,2025-10-20,0
2025-08-26 09:30:00,META,102811.043824,HOLD,2025-07-23,2025-10-20,0
2025-08-26 10:00:00,META,102811.043824,HOLD,2025-07-23,2025-10-20,0
2025-08-26 11:00:00,META,102811.043824,HOLD,2025-07-23,2025-10-20,0
2025-08-26 12:00:00,META,102811.043824,HOLD,2025-07-23,2025-10-20,0
2025-08-26 13:00:00,META,102811.043824,HOLD,2025-07-23,2025-10-20,0
2025-08-26 14:00:00,META,102811.043824,HOLD,2025-07-23,2025-10-20,0
2025-08-26 15:00:00,META,102811.043824,HOLD,2025-07-23,2025-10-20,0
2025-08-27 09:30:00,META,102811.043824,HOLD,2025-07-23,2025-10-20,0
2025-08-27 10:00:00,META,102811.043824,HOLD,2025-07-23,2025-10-20,0
2025-08-27 11:00:00,META,102811.043824,HOLD,2025-07-23,2025-10-20,0
2025-08-27 12:00:00,META,102811.043824,HOLD,2025-07-23,2025-10-20,0
2025-08-27 13:00:00,META,102811.043824,HOLD,2025-07-23,2025-10-20,0
2025-08-27 14:00:00,META,102811.043824,HOLD,2025-07-23,2025-10-20,0
2025-08-27 15:00:00,META,102811.043824,HOLD,2025-07-23,2025-10-20,0
2025-08-28 09:30:00,META,102811.043824,HOLD,2025-07-23,2025-10-20,0
2025-08-28 10:00:00,META,102811.043824,HOLD,2025-07-23,2025-10-20,0
2025-08-28 11:00:00,META,102811.043824,HOLD,2025-07-23,2025-10-20,0
2025-08-28 12:00:00,META,102811.043824,HOLD,2025-07-23,2025-10-20,0
2025-08-28 13:00:00,META,102811.043824,HOLD,2025-07-23,2025-10-20,0
2025-08-28 14:00:00,META,102811.043824,HOLD,2025-07-23,2025-10-20,0
2025-08-28 15:00:00,META,102811.043824,HOLD,2025-07-23,2025-10-20,0
2025-08-29 09:30:00,META,102811.043824,HOLD,2025-07-23,2025-10-20,0
2025-08-29 10:00:00,META,102811.043824,HOLD,2025-07-23,2025-10-20,0
2025-08-29 11:00:00,META,102811.043824,HOLD,2025-07-23,2025-10-20,0
2025-08-29 12:00:00,META,102811.043824,HOLD,2025-07-23,2025-10-20,0
2025-08-29 13:00:00,META,102811.043824,HOLD,2025-07-23,2025-10-20,0
2025-08-29 14:00:00,META,102811.043824,HOLD,2025-07-23,2025-10-20,0
2025-08-29 15:00:00,META,102811.043824,HOLD,2025-07-23,2025-10-20,0
2025-09-02 09:30:00,META,102811.043824,HOLD,2025-07-23,2025-10-20,0
2025-09-02 10:00:00,META,102811.043824,HOLD,2025-07-23,2025-10-20,0
2025-09-02 11:00:00,META,102811.043824,HOLD,2025-07-23,2025-10-20,0
2025-09-02 12:00:00,META,102811.043824,HOLD,2025-07-23,2025-10-20,0
2025-09-02 13:00:00,META,102811.043824,HOLD,2025-07-23,2025-10-20,0
2025-09-02 14:00:00,META,102811.043824,HOLD,2025-07-23,2025-10-20,0
2025-09-02 15:00:00,META,102811.043824,HOLD,2025-07-23,2025-10-20,0
2025-09-03 09:30:00,META,102811.043824,HOLD,2025-07-23,2025-10-20,0
2025-09-03 10:00:00,META,102811.043824,HOLD,2025-07-23,2025-10-20,0
2025-09-03 11:00:00,META,102811.043824,HOLD,2025-07-23,2025-10-20,0
2025-09-03 12:00:00,META,102811.043824,HOLD,2025-07-23,2025-10-20,0
2025-09-03 13:00:00,META,102811.043824,HOLD,2025-07-23,2025-10-20,0
2025-09-03 14:00:00,META,102811.043824,HOLD,2025-07-23,2025-10-20,0
2025-09-03 15:00:00,META,102811.043824,HOLD,2025-07-23,2025-10-20,0
2025-09-04 09:30:00,META,102811.043824,HOLD,2025-07-23,2025-10-20,0
2025-09-04 10:00:00,META,102811.043824,HOLD,2025-07-23,2025-10-20,0
2025-09-04 11:00:00,META,102811.043824,HOLD,2025-07-23,2025-10-20,0
2025-09-04 12:00:00,META,102811.043824,HOLD,2025-07-23,2025-10-20,0
2025-09-04 13:00:00,META,102811.043824,HOLD,2025-07-23,2025-10-20,0
2025-09-04 14:00:00,META,102811.043824,HOLD,2025-07-23,2025-10-20,0
2025-09-04 15:00:00,META,102811.043824,HOLD,2025-07-23,2025-10-20,0
2025-09-05 09:30:00,META,102811.043824,HOLD,2025-07-23,2025-10-20,0
2025-09-05 10:00:00,META,102811.043824,HOLD,2025-07-23,2025-10-20,0
2025-09-05 11:00:00,META,102811.043824,HOLD,2025-07-23,2025-10-20,0
2025-09-05 12:00:00,META,102811.043824,HOLD,2025-07-23,2025-10-20,0
2025-09-05 13:00:00,META,102811.043824,HOLD,2025-07-23,2025-10-20,0
2025-09-05 14:00:00,META,102811.043824,HOLD,2025-07-23,2025-10-20,0
2025-09-05 15:00:00,META,102811.043824,HOLD,2025-07-23,2025-10-20,0
2025-09-08 09:30:00,META,102811.043824,HOLD,2025-07-23,2025-10-20,0
2025-09-08 10:00:00,META,102811.043824,HOLD,2025-07-23,2025-10-20,0
2025-09-08 11:00:00,META,102811.043824,HOLD,2025-07-23,2025-10-20,0
2025-09-08 12:00:00,META,102811.043824,HOLD,2025-07-23,2025-10-20,0
2025-09-08 13:00:00,META,102811.043824,HOLD,2025-07-23,2025-10-20,0
2025-09-08 14:00:00,META,102811.043824,HOLD,2025-07-23,2025-10-20,0
2025-09-08 15:00:00,META,102811.043824,HOLD,2025-07-23,2025-10-20,0
2025-09-09 09:30:00,META,102811.043824,HOLD,2025-07-23,2025-10-20,0
2025-09-09 10:00:00,META,102811.043824,HOLD,2025-07-23,2025-10-20,0
2025-09-09 11:00:00,META,102811.043824,HOLD,2025-07-23,2025-10-20,0
2025-09-09 12:00:00,META,102811.043824,HOLD,2025-07-23,2025-10-20,0
2025-09-09 13:00:00,META,102811.043824,HOLD,2025-07-23,2025-10-20,0
2025-09-09 14:00:00,META,102811.043824,HOLD,2025-07-23,2025-10-20,0
2025-09-09 15:00:00,META,102811.043824,HOLD,2025-07-23,2025-10-20,0
2025-09-10 09:30:00,META,102811.043824,HOLD,2025-07-23,2025-10-20,0
2025-09-10 10:00:00,META,102811.043824,HOLD,2025-07-23,2025-10-20,0
2025-09-10 11:00:00,META,102811.043824,HOLD,2025-07-23,2025-10-20,0
2025-09-10 12:00:00,META,102811.043824,HOLD,2025-07-23,2025-10-20,0
2025-09-10 13:00:00,META,102811.043824,HOLD,2025-07-23,2025-10-20,0
2025-09-10 14:00:00,META,102811.043824,HOLD,2025-07-23,2025-10-20,0
2025-09-10 15:00:00,META,102811.043824,HOLD,2025-07-23,2025-10-20,0
2025-09-11 09:30:00,META,102811.043824,HOLD,2025-07-23,2025-10-20,0
2025-09-11 10:00:00,META,102811.043824,HOLD,2025-07-23,2025-10-20,0
2025-09-11 11:00:00,META,102811.043824,HOLD,2025-07-23,2025-10-20,0
2025-09-11 12:00:00,META,102811.043824,HOLD,2025-07-23,2025-10-20,0
2025-09-11 13:00:00,META,102811.043824,HOLD,2025-07-23,2025-10-20,0
2025-09-11 14:00:00,META,102811.043824,HOLD,2025-07-23,2025-10-20,0
2025-09-11 15:00:00,META,102811.043824,HOLD,2025-07-23,2025-10-20,0
2025-09-12 09:30:00,META,102811.043824,HOLD,2025-07-23,2025-10-20,0
2025-09-12 10:00:00,META,102811.043824,HOLD,2025-07-23,2025-10-20,0
2025-09-12 11:00:00,META,102811.043824,HOLD,2025-07-23,2025-10-20,0
2025-09-12 12:00:00,META,102811.043824,HOLD,2025-07-23,2025-10-20,0
2025-09-12 13:00:00,META,102811.043824,HOLD,2025-07-23,2025-10-20,0
2025-09-12 14:00:00,META,102811.043824,HOLD,2025-07-23,2025-10-20,0
2025-09-12 15:00:00,META,102811.043824,HOLD,2025-07-23,2025-10-20,0
2025-09-15 09:30:00,META,102811.043824,HOLD,2025-07-23,2025-10-20,0
2025-09-15 10:00:00,META,102811.043824,HOLD,2025-07-23,2025-10-20,0
2025-09-15 11:00:00,META,102811.043824,HOLD,2025-07-23,2025-10-20,0
2025-09-15 12:00:00,META,102811.043824,HOLD,2025-07-23,2025-10-20,0
2025-09-15 13:00:00,META,102811.043824,HOLD,2025-07-23,2025-10-20,0
2025-09-15 14:00:00,META,102811.043824,HOLD,2025-07-23,2025-10-20,0
2025-09-15 15:00:00,META,102811.043824,HOLD,2025-07-23,2025-10-20,0
2025-09-16 09:30:00,META,102811.043824,HOLD,2025-07-23,2025-10-20,0
2025-09-16 10:00:00,META,102811.043824,HOLD,2025-07-23,2025-10-20,0
2025-09-16 11:00:00,META,102811.043824,HOLD,2025-07-23,2025-10-20,0
2025-09-16 12:00:00,META,102811.043824,HOLD,2025-07-23,2025-10-20,0
2025-09-16 13:00:00,META,102811.043824,HOLD,2025-07-23,2025-10-20,0
2025-09-16 14:00:00,META,102811.043824,HOLD,2025-07-23,2025-10-20,0
2025-09-16 15:00:00,META,102811.043824,HOLD,2025-07-23,2025-10-20,0
2025-09-17 09:30:00,META,102811.043824,HOLD,2025-07-23,2025-10-20,0
2025-09-17 10:00:00,META,102811.043824,HOLD,2025-07-23,2025-10-20,0
2025-09-17 11:00:00,META,102811.043824,HOLD,2025-07-23,2025-10-20,0
2025-09-17 12:00:00,META,102811.043824,HOLD,2025-07-23,2025-10-20,0
2025-09-17 13:00:00,META,102811.043824,HOLD,2025-07-23,2025-10-20,0
2025-09-17 14:00:00,META,102811.043824,HOLD,2025-07-23,2025-10-20,0
2025-09-17 15:00:00,META,102811.043824,HOLD,2025-07-23,2025-10-20,0
2025-09-18 09:30:00,META,102801.12457799999,ENTER_LONG,2025-07-23,2025-10-20,0
2025-09-18 10:00:00,META,103005.754578,HOLD,2025-07-23,2025-10-20,0
2025-09-18 11:00:00,META,102646.08457799998,HOLD,2025-07-23,2025-10-20,0
2025-09-18 12:00:00,META,102913.414578,HOLD,2025-07-23,2025-10-20,0
2025-09-18 13:00:00,META,102783.45457799999,HOLD,2025-07-23,2025-10-20,0
2025-09-18 14:00:00,META,102903.724578,HOLD,2025-07-23,2025-10-20,0
2025-09-18 15:00:00,META,102690.54457799999,HOLD,2025-07-23,2025-10-20,0
2025-09-19 09:30:00,META,102798.274578,HOLD,2025-07-23,2025-10-20,0
2025-09-19 10:00:00,META,102623.28457799999,HOLD,2025-07-23,2025-10-20,0
2025-09-19 11:00:00,META,102345.69457799998,HOLD,2025-07-23,2025-10-20,0
2025-09-19 12:00:00,META,102290.974578,HOLD,2025-07-23,2025-10-20,0
2025-09-19 13:00:00,META,102202.62457799999,HOLD,2025-07-23,2025-10-20,0
2025-09-19 14:00:00,META,102251.07457799999,HOLD,2025-07-23,2025-10-20,0
2025-09-19 15:00:00,META,102570.84457799999,HOLD,2025-07-23,2025-10-20,0
2025-09-22 09:30:00,META,102680.28457799999,HOLD,2025-07-23,2025-10-20,0
2025-09-22 10:00:00,META,102660.33457799998,HOLD,2025-07-23,2025-10-20,0
2025-09-22 11:00:00,META,102365.07457799999,HOLD,2025-07-23,2025-10-20,0
2025-09-22 12:00:00,META,102142.20457799999,HOLD,2025-07-23,2025-10-20,0
2025-09-22 13:00:00,META,102215.73457799999,HOLD,2025-07-23,2025-10-20,0
2025-09-22 14:00:00,META,102021.364578,HOLD,2025-07-23,2025-10-20,0
2025-09-22 15:00:00,META,101815.59457799999,HOLD,2025-07-23,2025-10-20,0
2025-09-23 09:30:00,META,101756.56592817142,EXIT,2025-07-23,2025-10-20,0
2025-09-23 10:00:00,META,101756.56592817142,HOLD,2025-07-23,2025-10-20,0
2025-09-23 11:00:00,META,101756.56592817142,HOLD,2025-07-23,2025-10-20,0
2025-09-23 12:00:00,META,101756.56592817142,HOLD,2025-07-23,2025-10-20,0
2025-09-23 13:00:00,META,101756.56592817142,HOLD,2025-07-23,2025-10-20,0
2025-09-23 14:00:00,META,101756.56592817142,HOLD,2025-07-23,2025-10-20,0
2025-09-23 15:00:00,META,101756.56592817142,HOLD,2025-07-23,2025-10-20,0
2025-09-24 09:30:00,META,101756.56592817142,HOLD,2025-07-23,2025-10-20,0
2025-09-24 10:00:00,META,101756.56592817142,HOLD,2025-07-23,2025-10-20,0
2025-09-24 11:00:00,META,101756.56592817142,HOLD,2025-07-23,2025-10-20,0
2025-09-24 12:00:00,META,101756.56592817142,HOLD,2025-07-23,2025-10-20,0
2025-09-24 13:00:00,META,101756.56592817142,HOLD,2025-07-23,2025-10-20,0
2025-09-24 14:00:00,META,101756.56592817142,HOLD,2025-07-23,2025-10-20,0
2025-09-24 15:00:00,META,101756.56592817142,HOLD,2025-07-23,2025-10-20,0
2025-09-25 09:30:00,META,101756.56592817142,HOLD,2025-07-23,2025-10-20,0
2025-09-25 10:00:00,META,101756.56592817142,HOLD,2025-07-23,2025-10-20,0
2025-09-25 11:00:00,META,101756.56592817142,HOLD,2025-07-23,2025-10-20,0
2025-09-25 12:00:00,META,101756.56592817142,HOLD,2025-07-23,2025-10-20,0
2025-09-25 13:00:00,META,101756.56592817142,HOLD,2025-07-23,2025-10-20,0
2025-09-25 14:00:00,META,101756.56592817142,HOLD,2025-07-23,2025-10-20,0
2025-09-25 15:00:00,META,101756.56592817142,HOLD,2025-07-23,2025-10-20,0
2025-09-26 09:30:00,META,101756.56592817142,HOLD,2025-07-23,2025-10-20,0
2025-09-26 10:00:00,META,101756.56592817142,HOLD,2025-07-23,2025-10-20,0
2025-09-26 11:00:00,META,101756.56592817142,HOLD,2025-07-23,2025-10-20,0
2025-09-26 12:00:00,META,101756.56592817142,HOLD,2025-07-23,2025-10-20,0
2025-09-26 13:00:00,META,101756.56592817142,HOLD,2025-07-23,2025-10-20,0
2025-09-26 14:00:00,META,101756.56592817142,HOLD,2025-07-23,2025-10-20,0
2025-09-26 15:00:00,META,101756.56592817142,HOLD,2025-07-23,2025-10-20,0
2025-09-29 09:30:00,META,101756.56592817142,HOLD,2025-07-23,2025-10-20,0
2025-09-29 10:00:00,META,101756.56592817142,HOLD,2025-07-23,2025-10-20,0
2025-09-29 11:00:00,META,101756.56592817142,HOLD,2025-07-23,2025-10-20,0
2025-09-29 12:00:00,META,101756.56592817142,HOLD,2025-07-23,2025-10-20,0
2025-09-29 13:00:00,META,101756.56592817142,HOLD,2025-07-23,2025-10-20,0
2025-09-29 14:00:00,META,101756.56592817142,HOLD,2025-07-23,2025-10-20,0
2025-09-29 15:00:00,META,101756.56592817142,HOLD,2025-07-23,2025-10-20,0
2025-09-30 09:30:00,META,101756.56592817142,HOLD,2025-07-23,2025-10-20,0
2025-09-30 10:00:00,META,101756.56592817142,HOLD,2025-07-23,2025-10-20,0
2025-09-30 11:00:00,META,101756.56592817142,HOLD,2025-07-23,2025-10-20,0
2025-09-30 12:00:00,META,101756.56592817142,HOLD,2025-07-23,2025-10-20,0
2025-09-30 13:00:00,META,101756.56592817142,HOLD,2025-07-23,2025-10-20,0
2025-09-30 14:00:00,META,101756.56592817142,HOLD,2025-07-23,2025-10-20,0
2025-09-30 15:00:00,META,101756.56592817142,HOLD,2025-07-23,2025-10-20,0
2025-10-01 09:30:00,META,101756.56592817142,HOLD,2025-07-23,2025-10-20,0
2025-10-01 10:00:00,META,101756.56592817142,HOLD,2025-07-23,2025-10-20,0
2025-10-01 11:00:00,META,101756.56592817142,HOLD,2025-07-23,2025-10-20,0
2025-10-01 12:00:00,META,101756.56592817142,HOLD,2025-07-23,2025-10-20,0
2025-10-01 13:00:00,META,101756.56592817142,HOLD,2025-07-23,2025-10-20,0
2025-10-01 14:00:00,META,101756.56592817142,HOLD,2025-07-23,2025-10-20,0
2025-10-01 15:00:00,META,101756.56592817142,HOLD,2025-07-23,2025-10-20,0
2025-10-02 09:30:00,META,101756.56592817142,HOLD,2025-07-23,2025-10-20,0
2025-10-02 10:00:00,META,101756.56592817142,HOLD,2025-07-23,2025-10-20,0
2025-10-02 11:00:00,META,101756.56592817142,HOLD,2025-07-23,2025-10-20,0
2025-10-02 12:00:00,META,101756.56592817142,HOLD,2025-07-23,2025-10-20,0
2025-10-02 13:00:00,META,101756.56592817142,HOLD,2025-07-23,2025-10-20,0
2025-10-02 14:00:00,META,101756.56592817142,HOLD,2025-07-23,2025-10-20,0
2025-10-02 15:00:00,META,101756.56592817142,HOLD,2025-07-23,2025-10-20,0
2025-10-03 09:30:00,META,101756.56592817142,HOLD,2025-07-23,2025-10-20,0
2025-10-03 10:00:00,META,101756.56592817142,HOLD,2025-07-23,2025-10-20,0
2025-10-03 11:00:00,META,101756.56592817142,HOLD,2025-07-23,2025-10-20,0
2025-10-03 12:00:00,META,101756.56592817142,HOLD,2025-07-23,2025-10-20,0
2025-10-03 13:00:00,META,101756.56592817142,HOLD,2025-07-23,2025-10-20,0
2025-10-03 14:00:00,META,101756.56592817142,HOLD,2025-07-23,2025-10-20,0
2025-10-03 15:00:00,META,101756.56592817142,HOLD,2025-07-23,2025-10-20,0
2025-10-06 09:30:00,META,101756.56592817142,HOLD,2025-07-23,2025-10-20,0
2025-10-06 10:00:00,META,101756.56592817142,HOLD,2025-07-23,2025-10-20,0
2025-10-06 11:00:00,META,101756.56592817142,HOLD,2025-07-23,2025-10-20,0
2025-10-06 12:00:00,META,101756.56592817142,HOLD,2025-07-23,2025-10-20,0
2025-10-06 13:00:00,META,101756.56592817142,HOLD,2025-07-23,2025-10-20,0
2025-10-06 14:00:00,META,101756.56592817142,HOLD,2025-07-23,2025-10-20,0
2025-10-06 15:00:00,META,101756.56592817142,HOLD,2025-07-23,2025-10-20,0
2025-10-07 09:30:00,META,101756.56592817142,HOLD,2025-07-23,2025-10-20,0
2025-10-07 10:00:00,META,101756.56592817142,HOLD,2025-07-23,2025-10-20,0
2025-10-07 11:00:00,META,101756.56592817142,HOLD,2025-07-23,2025-10-20,0
2025-10-07 12:00:00,META,101756.56592817142,HOLD,2025-07-23,2025-10-20,0
2025-10-07 13:00:00,META,101756.56592817142,HOLD,2025-07-23,2025-10-20,0
2025-10-07 14:00:00,META,101756.56592817142,HOLD,2025-07-23,2025-10-20,0
2025-10-07 15:00:00,META,101756.56592817142,HOLD,2025-07-23,2025-10-20,0
2025-10-08 09:30:00,META,101756.56592817142,HOLD,2025-07-23,2025-10-20,0
2025-10-08 10:00:00,META,101756.56592817142,HOLD,2025-07-23,2025-10-20,0
2025-10-08 11:00:00,META,101756.56592817142,HOLD,2025-07-23,2025-10-20,0
2025-10-08 12:00:00,META,101756.56592817142,HOLD,2025-07-23,2025-10-20,0
2025-10-08 13:00:00,META,101756.56592817142,HOLD,2025-07-23,2025-10-20,0
2025-10-08 14:00:00,META,101756.56592817142,HOLD,2025-07-23,2025-10-20,0
2025-10-08 15:00:00,META,101756.56592817142,HOLD,2025-07-23,2025-10-20,0
2025-10-09 09:30:00,META,101756.56592817142,HOLD,2025-07-23,2025-10-20,0
2025-10-09 10:00:00,META,101756.56592817142,HOLD,2025-07-23,2025-10-20,0
2025-10-09 11:00:00,META,101756.56592817142,HOLD,2025-07-23,2025-10-20,0
2025-10-09 12:00:00,META,101756.56592817142,HOLD,2025-07-23,2025-10-20,0
2025-10-09 13:00:00,META,101756.56592817142,HOLD,2025-07-23,2025-10-20,0
2025-10-09 14:00:00,META,101756.56592817142,HOLD,2025-07-23,2025-10-20,0
2025-10-09 15:00:00,META,101756.56592817142,HOLD,2025-07-23,2025-10-20,0
2025-10-10 09:30:00,META,101756.56592817142,HOLD,2025-07-23,2025-10-20,0
2025-10-10 10:00:00,META,101756.56592817142,HOLD,2025-07-23,2025-10-20,0
2025-10-10 11:00:00,META,101756.56592817142,HOLD,2025-07-23,2025-10-20,0
2025-10-10 12:00:00,META,101756.56592817142,HOLD,2025-07-23,2025-10-20,0
2025-10-10 13:00:00,META,101756.56592817142,HOLD,2025-07-23,2025-10-20,0
2025-10-10 14:00:00,META,101756.56592817142,HOLD,2025-07-23,2025-10-20,0
2025-10-10 15:00:00,META,101756.56592817142,HOLD,2025-07-23,2025-10-20,0
2025-10-13 09:30:00,META,101756.56592817142,HOLD,2025-07-23,2025-10-20,0
2025-10-13 10:00:00,META,101756.56592817142,HOLD,2025-07-23,2025-10-20,0
2025-10-13 11:00:00,META,101756.56592817142,HOLD,2025-07-23,2025-10-20,0
2025-10-13 12:00:00,META,101756.56592817142,HOLD,2025-07-23,2025-10-20,0
2025-10-13 13:00:00,META,101756.56592817142,HOLD,2025-07-23,2025-10-20,0
2025-10-13 14:00:00,META,101756.56592817142,HOLD,2025-07-23,2025-10-20,0
2025-10-13 15:00:00,META,101756.56592817142,HOLD,2025-07-23,2025-10-20,0
2025-10-14 09:30:00,META,101756.56592817142,HOLD,2025-07-23,2025-10-20,0
2025-10-14 10:00:00,META,101756.56592817142,HOLD,2025-07-23,2025-10-20,0
2025-10-14 11:00:00,META,101756.56592817142,HOLD,2025-07-23,2025-10-20,0
2025-10-14 12:00:00,META,101756.56592817142,HOLD,2025-07-23,2025-10-20,0
2025-10-14 13:00:00,META,101756.56592817142,HOLD,2025-07-23,2025-10-20,0
2025-10-14 14:00:00,META,101756.56592817142,HOLD,2025-07-23,2025-10-20,0
2025-10-14 15:00:00,META,101756.56592817142,HOLD,2025-07-23,2025-10-20,0
2025-10-15 09:30:00,META,101756.56592817142,HOLD,2025-07-23,2025-10-20,0
2025-10-15 10:00:00,META,101756.56592817142,HOLD,2025-07-23,2025-10-20,0
2025-10-15 11:00:00,META,101756.56592817142,HOLD,2025-07-23,2025-10-20,0
2025-10-15 12:00:00,META,101756.56592817142,HOLD,2025-07-23,2025-10-20,0
2025-10-15 13:00:00,META,101756.56592817142,HOLD,2025-07-23,2025-10-20,0
2025-10-15 14:00:00,META,101756.56592817142,HOLD,2025-07-23,2025-10-20,0
2025-10-15 15:00:00,META,101756.56592817142,HOLD,2025-07-23,2025-10-20,0
2025-10-16 09:30:00,META,101756.56592817142,HOLD,2025-07-23,2025-10-20,0
2025-10-16 10:00:00,META,101756.56592817142,HOLD,2025-07-23,2025-10-20,0
2025-10-16 11:00:00,META,101756.56592817142,HOLD,2025-07-23,2025-10-20,0
2025-10-16 12:00:00,META,101756.56592817142,HOLD,2025-07-23,2025-10-20,0
2025-10-16 13:00:00,META,101756.56592817142,HOLD,2025-07-23,2025-10-20,0
2025-10-16 14:00:00,META,101756.56592817142,HOLD,2025-07-23,2025-10-20,0
2025-10-16 15:00:00,META,101756.56592817142,HOLD,2025-07-23,2025-10-20,0
2025-10-17 09:30:00,META,101756.56592817142,HOLD,2025-07-23,2025-10-20,0
2025-10-17 10:00:00,META,101756.56592817142,HOLD,2025-07-23,2025-10-20,0
2025-10-17 11:00:00,META,101756.56592817142,HOLD,2025-07-23,2025-10-20,0
2025-10-17 12:00:00,META,101756.56592817142,HOLD,2025-07-23,2025-10-20,0
2025-10-17 13:00:00,META,101756.56592817142,HOLD,2025-07-23,2025-10-20,0
2025-10-17 14:00:00,META,101756.56592817142,HOLD,2025-07-23,2025-10-20,0
2025-10-17 15:00:00,META,101756.56592817142,HOLD,2025-07-23,2025-10-20,0
2025-10-20 09:30:00,META,101756.56592817142,HOLD,2025-07-23,2025-10-20,0
2025-10-20 10:00:00,META,101756.56592817142,HOLD,2025-07-23,2025-10-20,0
2025-10-20 11:00:00,META,101756.56592817142,HOLD,2025-07-23,2025-10-20,0
2025-10-20 12:00:00,META,101756.56592817142,HOLD,2025-07-23,2025-10-20,0
2025-10-20 13:00:00,META,101756.56592817142,HOLD,2025-07-23,2025-10-20,0
2025-10-20 14:00:00,META,101756.56592817142,HOLD,2025-07-23,2025-10-20,0
2025-10-20 15:00:00,META,101756.56592817142,HOLD,2025-07-23,2025-10-20,0
2025-10-21 09:30:00,META,101756.56592817142,HOLD,2025-10-21,2026-01-21,0
2025-10-21 10:00:00,META,101756.56592817142,HOLD,2025-10-21,2026-01-21,0
2025-10-21 11:00:00,META,101756.56592817142,HOLD,2025-10-21,2026-01-21,0
2025-10-21 12:00:00,META,101756.56592817142,HOLD,2025-10-21,2026-01-21,0
2025-10-21 13:00:00,META,101756.56592817142,HOLD,2025-10-21,2026-01-21,0
2025-10-21 14:00:00,META,101756.56592817142,HOLD,2025-10-21,2026-01-21,0
2025-10-21 15:00:00,META,101756.56592817142,HOLD,2025-10-21,2026-01-21,0
2025-10-22 09:30:00,META,101756.56592817142,HOLD,2025-10-21,2026-01-21,0
2025-10-22 10:00:00,META,101756.56592817142,HOLD,2025-10-21,2026-01-21,0
2025-10-22 11:00:00,META,101756.56592817142,HOLD,2025-10-21,2026-01-21,0
2025-10-22 12:00:00,META,101756.56592817142,HOLD,2025-10-21,2026-01-21,0
2025-10-22 13:00:00,META,101756.56592817142,HOLD,2025-10-21,2026-01-21,0
2025-10-22 14:00:00,META,101756.56592817142,HOLD,2025-10-21,2026-01-21,0
2025-10-22 15:00:00,META,101756.56592817142,HOLD,2025-10-21,2026-01-21,0
2025-10-23 09:30:00,META,101756.56592817142,HOLD,2025-10-21,2026-01-21,0
2025-10-23 10:00:00,META,101756.56592817142,HOLD,2025-10-21,2026-01-21,0
2025-10-23 11:00:00,META,101756.56592817142,HOLD,2025-10-21,2026-01-21,0
2025-10-23 12:00:00,META,101756.56592817142,HOLD,2025-10-21,2026-01-21,0
2025-10-23 13:00:00,META,101756.56592817142,HOLD,2025-10-21,2026-01-21,0
2025-10-23 14:00:00,META,101756.56592817142,HOLD,2025-10-21,2026-01-21,0
2025-10-23 15:00:00,META,101756.56592817142,HOLD,2025-10-21,2026-01-21,0
2025-10-24 09:30:00,META,101756.56592817142,HOLD,2025-10-21,2026-01-21,0
2025-10-24 10:00:00,META,101756.56592817142,HOLD,2025-10-21,2026-01-21,0
2025-10-24 11:00:00,META,101756.56592817142,HOLD,2025-10-21,2026-01-21,0
2025-10-24 12:00:00,META,101756.56592817142,HOLD,2025-10-21,2026-01-21,0
2025-10-24 13:00:00,META,101756.56592817142,HOLD,2025-10-21,2026-01-21,0
2025-10-24 14:00:00,META,101756.56592817142,HOLD,2025-10-21,2026-01-21,0
2025-10-24 15:00:00,META,101756.56592817142,HOLD,2025-10-21,2026-01-21,0
2025-10-27 09:30:00,META,101756.56592817142,HOLD,2025-10-21,2026-01-21,0
2025-10-27 10:00:00,META,101756.56592817142,HOLD,2025-10-21,2026-01-21,0
2025-10-27 11:00:00,META,101756.56592817142,HOLD,2025-10-21,2026-01-21,0
2025-10-27 12:00:00,META,101756.56592817142,HOLD,2025-10-21,2026-01-21,0
2025-10-27 13:00:00,META,101756.56592817142,HOLD,2025-10-21,2026-01-21,0
2025-10-27 14:00:00,META,101756.56592817142,HOLD,2025-10-21,2026-01-21,0
2025-10-27 15:00:00,META,101756.56592817142,HOLD,2025-10-21,2026-01-21,0
2025-10-28 09:30:00,META,101756.56592817142,HOLD,2025-10-21,2026-01-21,0
2025-10-28 10:00:00,META,101756.56592817142,HOLD,2025-10-21,2026-01-21,0
2025-10-28 11:00:00,META,101756.56592817142,HOLD,2025-10-21,2026-01-21,0
2025-10-28 12:00:00,META,101756.56592817142,HOLD,2025-10-21,2026-01-21,0
2025-10-28 13:00:00,META,101756.56592817142,HOLD,2025-10-21,2026-01-21,0
2025-10-28 14:00:00,META,101756.56592817142,HOLD,2025-10-21,2026-01-21,0
2025-10-28 15:00:00,META,101756.56592817142,HOLD,2025-10-21,2026-01-21,0
2025-10-29 09:30:00,META,101756.56592817142,HOLD,2025-10-21,2026-01-21,0
2025-10-29 10:00:00,META,101756.56592817142,HOLD,2025-10-21,2026-01-21,0
2025-10-29 11:00:00,META,101756.56592817142,HOLD,2025-10-21,2026-01-21,0
2025-10-29 12:00:00,META,101756.56592817142,HOLD,2025-10-21,2026-01-21,0
2025-10-29 13:00:00,META,101756.56592817142,HOLD,2025-10-21,2026-01-21,0
2025-10-29 14:00:00,META,101756.56592817142,HOLD,2025-10-21,2026-01-21,0
2025-10-29 15:00:00,META,101756.56592817142,HOLD,2025-10-21,2026-01-21,0
2025-10-30 09:30:00,META,101756.56592817142,HOLD,2025-10-21,2026-01-21,0
2025-10-30 10:00:00,META,101756.56592817142,HOLD,2025-10-21,2026-01-21,0
2025-10-30 11:00:00,META,101756.56592817142,HOLD,2025-10-21,2026-01-21,0
2025-10-30 12:00:00,META,101756.56592817142,HOLD,2025-10-21,2026-01-21,0
2025-10-30 13:00:00,META,101756.56592817142,HOLD,2025-10-21,2026-01-21,0
2025-10-30 14:00:00,META,101756.56592817142,HOLD,2025-10-21,2026-01-21,0
2025-10-30 15:00:00,META,101756.56592817142,HOLD,2025-10-21,2026-01-21,0
2025-10-31 09:30:00,META,101756.56592817142,HOLD,2025-10-21,2026-01-21,0
2025-10-31 10:00:00,META,101756.56592817142,HOLD,2025-10-21,2026-01-21,0
2025-10-31 11:00:00,META,101756.56592817142,HOLD,2025-10-21,2026-01-21,0
2025-10-31 12:00:00,META,101756.56592817142,HOLD,2025-10-21,2026-01-21,0
2025-10-31 13:00:00,META,101756.56592817142,HOLD,2025-10-21,2026-01-21,0
2025-10-31 14:00:00,META,101756.56592817142,HOLD,2025-10-21,2026-01-21,0
2025-10-31 15:00:00,META,101756.56592817142,HOLD,2025-10-21,2026-01-21,0
2025-11-03 09:30:00,META,101756.56592817142,HOLD,2025-10-21,2026-01-21,0
2025-11-03 10:00:00,META,101756.56592817142,HOLD,2025-10-21,2026-01-21,0
2025-11-03 11:00:00,META,101756.56592817142,HOLD,2025-10-21,2026-01-21,0
2025-11-03 12:00:00,META,101756.56592817142,HOLD,2025-10-21,2026-01-21,0
2025-11-03 13:00:00,META,101756.56592817142,HOLD,2025-10-21,2026-01-21,0
2025-11-03 14:00:00,META,101756.56592817142,HOLD,2025-10-21,2026-01-21,0
2025-11-03 15:00:00,META,101756.56592817142,HOLD,2025-10-21,2026-01-21,0
2025-11-04 09:30:00,META,101756.56592817142,HOLD,2025-10-21,2026-01-21,0
2025-11-04 10:00:00,META,101756.56592817142,HOLD,2025-10-21,2026-01-21,0
2025-11-04 11:00:00,META,101756.56592817142,HOLD,2025-10-21,2026-01-21,0
2025-11-04 12:00:00,META,101756.56592817142,HOLD,2025-10-21,2026-01-21,0
2025-11-04 13:00:00,META,101756.56592817142,HOLD,2025-10-21,2026-01-21,0
2025-11-04 14:00:00,META,101756.56592817142,HOLD,2025-10-21,2026-01-21,0
2025-11-04 15:00:00,META,101756.56592817142,HOLD,2025-10-21,2026-01-21,0
2025-11-05 09:30:00,META,101756.56592817142,HOLD,2025-10-21,2026-01-21,0
2025-11-05 10:00:00,META,101756.56592817142,HOLD,2025-10-21,2026-01-21,0
2025-11-05 11:00:00,META,101756.56592817142,HOLD,2025-10-21,2026-01-21,0
2025-11-05 12:00:00,META,101756.56592817142,HOLD,2025-10-21,2026-01-21,0
2025-11-05 13:00:00,META,101756.56592817142,HOLD,2025-10-21,2026-01-21,0
2025-11-05 14:00:00,META,101756.56592817142,HOLD,2025-10-21,2026-01-21,0
2025-11-05 15:00:00,META,101756.56592817142,HOLD,2025-10-21,2026-01-21,0
2025-11-06 09:30:00,META,101756.56592817142,HOLD,2025-10-21,2026-01-21,0
2025-11-06 10:00:00,META,101756.56592817142,HOLD,2025-10-21,2026-01-21,0
2025-11-06 11:00:00,META,101756.56592817142,HOLD,2025-10-21,2026-01-21,0
2025-11-06 12:00:00,META,101756.56592817142,HOLD,2025-10-21,2026-01-21,0
2025-11-06 13:00:00,META,101756.56592817142,HOLD,2025-10-21,2026-01-21,0
2025-11-06 14:00:00,META,101756.56592817142,HOLD,2025-10-21,2026-01-21,0
2025-11-06 15:00:00,META,101756.56592817142,HOLD,2025-10-21,2026-01-21,0
2025-11-07 09:30:00,META,101756.56592817142,HOLD,2025-10-21,2026-01-21,0
2025-11-07 10:00:00,META,101756.56592817142,HOLD,2025-10-21,2026-01-21,0
2025-11-07 11:00:00,META,101756.56592817142,HOLD,2025-10-21,2026-01-21,0
2025-11-07 12:00:00,META,101756.56592817142,HOLD,2025-10-21,2026-01-21,0
2025-11-07 13:00:00,META,101756.56592817142,HOLD,2025-10-21,2026-01-21,0
2025-11-07 14:00:00,META,101756.56592817142,HOLD,2025-10-21,2026-01-21,0
2025-11-07 15:00:00,META,101756.56592817142,HOLD,2025-10-21,2026-01-21,0
2025-11-10 09:30:00,META,101756.56592817142,HOLD,2025-10-21,2026-01-21,0
2025-11-10 10:00:00,META,101756.56592817142,HOLD,2025-10-21,2026-01-21,0
2025-11-10 11:00:00,META,101756.56592817142,HOLD,2025-10-21,2026-01-21,0
2025-11-10 12:00:00,META,101756.56592817142,HOLD,2025-10-21,2026-01-21,0
2025-11-10 13:00:00,META,101756.56592817142,HOLD,2025-10-21,2026-01-21,0
2025-11-10 14:00:00,META,101756.56592817142,HOLD,2025-10-21,2026-01-21,0
2025-11-10 15:00:00,META,101756.56592817142,HOLD,2025-10-21,2026-01-21,0
2025-11-11 09:30:00,META,101756.56592817142,HOLD,2025-10-21,2026-01-21,0
2025-11-11 10:00:00,META,101756.56592817142,HOLD,2025-10-21,2026-01-21,0
2025-11-11 11:00:00,META,101756.56592817142,HOLD,2025-10-21,2026-01-21,0
2025-11-11 12:00:00,META,101756.56592817142,HOLD,2025-10-21,2026-01-21,0
2025-11-11 13:00:00,META,101756.56592817142,HOLD,2025-10-21,2026-01-21,0
2025-11-11 14:00:00,META,101756.56592817142,HOLD,2025-10-21,2026-01-21,0
2025-11-11 15:00:00,META,101756.56592817142,HOLD,2025-10-21,2026-01-21,0
2025-11-12 09:30:00,META,101756.56592817142,HOLD,2025-10-21,2026-01-21,0
2025-11-12 10:00:00,META,101756.56592817142,HOLD,2025-10-21,2026-01-21,0
2025-11-12 11:00:00,META,101756.56592817142,HOLD,2025-10-21,2026-01-21,0
2025-11-12 12:00:00,META,101756.56592817142,HOLD,2025-10-21,2026-01-21,0
2025-11-12 13:00:00,META,101756.56592817142,HOLD,2025-10-21,2026-01-21,0
2025-11-12 14:00:00,META,101756.56592817142,HOLD,2025-10-21,2026-01-21,0
2025-11-12 15:00:00,META,101756.56592817142,HOLD,2025-10-21,2026-01-21,0
2025-11-13 09:30:00,META,101756.56592817142,HOLD,2025-10-21,2026-01-21,0
2025-11-13 10:00:00,META,101756.56592817142,HOLD,2025-10-21,2026-01-21,0
2025-11-13 11:00:00,META,101756.56592817142,HOLD,2025-10-21,2026-01-21,0
2025-11-13 12:00:00,META,101756.56592817142,HOLD,2025-10-21,2026-01-21,0
2025-11-13 13:00:00,META,101756.56592817142,HOLD,2025-10-21,2026-01-21,0
2025-11-13 14:00:00,META,101756.56592817142,HOLD,2025-10-21,2026-01-21,0
2025-11-13 15:00:00,META,101756.56592817142,HOLD,2025-10-21,2026-01-21,0
2025-11-14 09:30:00,META,101756.56592817142,HOLD,2025-10-21,2026-01-21,0
2025-11-14 10:00:00,META,101756.56592817142,HOLD,2025-10-21,2026-01-21,0
2025-11-14 11:00:00,META,101756.56592817142,HOLD,2025-10-21,2026-01-21,0
2025-11-14 12:00:00,META,101756.56592817142,HOLD,2025-10-21,2026-01-21,0
2025-11-14 13:00:00,META,101756.56592817142,HOLD,2025-10-21,2026-01-21,0
2025-11-14 14:00:00,META,101756.56592817142,HOLD,2025-10-21,2026-01-21,0
2025-11-14 15:00:00,META,101756.56592817142,HOLD,2025-10-21,2026-01-21,0
2025-11-17 09:30:00,META,101756.56592817142,HOLD,2025-10-21,2026-01-21,0
2025-11-17 10:00:00,META,101756.56592817142,HOLD,2025-10-21,2026-01-21,0
2025-11-17 11:00:00,META,101756.56592817142,HOLD,2025-10-21,2026-01-21,0
2025-11-17 12:00:00,META,101756.56592817142,HOLD,2025-10-21,2026-01-21,0
2025-11-17 13:00:00,META,101756.56592817142,HOLD,2025-10-21,2026-01-21,0
2025-11-17 14:00:00,META,101756.56592817142,HOLD,2025-10-21,2026-01-21,0
2025-11-17 15:00:00,META,101756.56592817142,HOLD,2025-10-21,2026-01-21,0
2025-11-18 09:30:00,META,101756.56592817142,HOLD,2025-10-21,2026-01-21,0
2025-11-18 10:00:00,META,101756.56592817142,HOLD,2025-10-21,2026-01-21,0
2025-11-18 11:00:00,META,101756.56592817142,HOLD,2025-10-21,2026-01-21,0
2025-11-18 12:00:00,META,101756.56592817142,HOLD,2025-10-21,2026-01-21,0
2025-11-18 13:00:00,META,101756.56592817142,HOLD,2025-10-21,2026-01-21,0
2025-11-18 14:00:00,META,101756.56592817142,HOLD,2025-10-21,2026-01-21,0
2025-11-18 15:00:00,META,101756.56592817142,HOLD,2025-10-21,2026-01-21,0
2025-11-19 09:30:00,META,101756.56592817142,HOLD,2025-10-21,2026-01-21,0
2025-11-19 10:00:00,META,101756.56592817142,HOLD,2025-10-21,2026-01-21,0
2025-11-19 11:00:00,META,101756.56592817142,HOLD,2025-10-21,2026-01-21,0
2025-11-19 12:00:00,META,101756.56592817142,HOLD,2025-10-21,2026-01-21,0
2025-11-19 13:00:00,META,101756.56592817142,HOLD,2025-10-21,2026-01-21,0
2025-11-19 14:00:00,META,101756.56592817142,HOLD,2025-10-21,2026-01-21,0
2025-11-19 15:00:00,META,101756.56592817142,HOLD,2025-10-21,2026-01-21,0
2025-11-20 09:30:00,META,101756.56592817142,HOLD,2025-10-21,2026-01-21,0
2025-11-20 10:00:00,META,101756.56592817142,HOLD,2025-10-21,2026-01-21,0
2025-11-20 11:00:00,META,101756.56592817142,HOLD,2025-10-21,2026-01-21,0
2025-11-20 12:00:00,META,101756.56592817142,HOLD,2025-10-21,2026-01-21,0
2025-11-20 13:00:00,META,101756.56592817142,HOLD,2025-10-21,2026-01-21,0
2025-11-20 14:00:00,META,101756.56592817142,HOLD,2025-10-21,2026-01-21,0
2025-11-20 15:00:00,META,101756.56592817142,HOLD,2025-10-21,2026-01-21,0
2025-11-21 09:30:00,META,101756.56592817142,HOLD,2025-10-21,2026-01-21,0
2025-11-21 10:00:00,META,101756.56592817142,HOLD,2025-10-21,2026-01-21,0
2025-11-21 11:00:00,META,101756.56592817142,HOLD,2025-10-21,2026-01-21,0
2025-11-21 12:00:00,META,101756.56592817142,HOLD,2025-10-21,2026-01-21,0
2025-11-21 13:00:00,META,101756.56592817142,HOLD,2025-10-21,2026-01-21,0
2025-11-21 14:00:00,META,101756.56592817142,HOLD,2025-10-21,2026-01-21,0
2025-11-21 15:00:00,META,101756.56592817142,HOLD,2025-10-21,2026-01-21,0
2025-11-24 09:30:00,META,101756.56592817142,HOLD,2025-10-21,2026-01-21,0
2025-11-24 10:00:00,META,101756.56592817142,HOLD,2025-10-21,2026-01-21,0
2025-11-24 11:00:00,META,101756.56592817142,HOLD,2025-10-21,2026-01-21,0
2025-11-24 12:00:00,META,101756.56592817142,HOLD,2025-10-21,2026-01-21,0
2025-11-24 13:00:00,META,101756.56592817142,HOLD,2025-10-21,2026-01-21,0
2025-11-24 14:00:00,META,101756.56592817142,HOLD,2025-10-21,2026-01-21,0
2025-11-24 15:00:00,META,101756.56592817142,HOLD,2025-10-21,2026-01-21,0
2025-11-25 09:30:00,META,101756.56592817142,HOLD,2025-10-21,2026-01-21,0
2025-11-25 10:00:00,META,101756.56592817142,HOLD,2025-10-21,2026-01-21,0
2025-11-25 11:00:00,META,101756.56592817142,HOLD,2025-10-21,2026-01-21,0
2025-11-25 12:00:00,META,101756.56592817142,HOLD,2025-10-21,2026-01-21,0
2025-11-25 13:00:00,META,101756.56592817142,HOLD,2025-10-21,2026-01-21,0
2025-11-25 14:00:00,META,101756.56592817142,HOLD,2025-10-21,2026-01-21,0
2025-11-25 15:00:00,META,101756.56592817142,HOLD,2025-10-21,2026-01-21,0
2025-11-26 09:30:00,META,101756.56592817142,HOLD,2025-10-21,2026-01-21,0
2025-11-26 10:00:00,META,101756.56592817142,HOLD,2025-10-21,2026-01-21,0
2025-11-26 11:00:00,META,101756.56592817142,HOLD,2025-10-21,2026-01-21,0
2025-11-26 12:00:00,META,101756.56592817142,HOLD,2025-10-21,2026-01-21,0
2025-11-26 13:00:00,META,101756.56592817142,HOLD,2025-10-21,2026-01-21,0
2025-11-26 14:00:00,META,101756.56592817142,HOLD,2025-10-21,2026-01-21,0
2025-11-26 15:00:00,META,101756.56592817142,HOLD,2025-10-21,2026-01-21,0
2025-11-28 09:30:00,META,101756.56592817142,HOLD,2025-10-21,2026-01-21,0
2025-11-28 10:00:00,META,101756.56592817142,HOLD,2025-10-21,2026-01-21,0
2025-11-28 11:00:00,META,101756.56592817142,HOLD,2025-10-21,2026-01-21,0
2025-11-28 12:00:00,META,101756.56592817142,HOLD,2025-10-21,2026-01-21,0
2025-12-01 09:30:00,META,101756.56592817142,HOLD,2025-10-21,2026-01-21,0
2025-12-01 10:00:00,META,101756.56592817142,HOLD,2025-10-21,2026-01-21,0
2025-12-01 11:00:00,META,101756.56592817142,HOLD,2025-10-21,2026-01-21,0
2025-12-01 12:00:00,META,101756.56592817142,HOLD,2025-10-21,2026-01-21,0
2025-12-01 13:00:00,META,101756.56592817142,HOLD,2025-10-21,2026-01-21,0
2025-12-01 14:00:00,META,101756.56592817142,HOLD,2025-10-21,2026-01-21,0
2025-12-01 15:00:00,META,101756.56592817142,HOLD,2025-10-21,2026-01-21,0
2025-12-02 09:30:00,META,101756.56592817142,HOLD,2025-10-21,2026-01-21,0
2025-12-02 10:00:00,META,101756.56592817142,HOLD,2025-10-21,2026-01-21,0
2025-12-02 11:00:00,META,101756.56592817142,HOLD,2025-10-21,2026-01-21,0
2025-12-02 12:00:00,META,101756.56592817142,HOLD,2025-10-21,2026-01-21,0
2025-12-02 13:00:00,META,101756.56592817142,HOLD,2025-10-21,2026-01-21,0
2025-12-02 14:00:00,META,101756.56592817142,HOLD,2025-10-21,2026-01-21,0
2025-12-02 15:00:00,META,101756.56592817142,HOLD,2025-10-21,2026-01-21,0
2025-12-03 09:30:00,META,101756.56592817142,HOLD,2025-10-21,2026-01-21,0
2025-12-03 10:00:00,META,101756.56592817142,HOLD,2025-10-21,2026-01-21,0
2025-12-03 11:00:00,META,101756.56592817142,HOLD,2025-10-21,2026-01-21,0
2025-12-03 12:00:00,META,101756.56592817142,HOLD,2025-10-21,2026-01-21,0
2025-12-03 13:00:00,META,101756.56592817142,HOLD,2025-10-21,2026-01-21,0
2025-12-03 14:00:00,META,101756.56592817142,HOLD,2025-10-21,2026-01-21,0
2025-12-03 15:00:00,META,101756.56592817142,HOLD,2025-10-21,2026-01-21,0
2025-12-04 09:30:00,META,101756.56592817142,HOLD,2025-10-21,2026-01-21,0
2025-12-04 10:00:00,META,101756.56592817142,HOLD,2025-10-21,2026-01-21,0
2025-12-04 11:00:00,META,101756.56592817142,HOLD,2025-10-21,2026-01-21,0
2025-12-04 12:00:00,META,101756.56592817142,HOLD,2025-10-21,2026-01-21,0
2025-12-04 13:00:00,META,101756.56592817142,HOLD,2025-10-21,2026-01-21,0
2025-12-04 14:00:00,META,101756.56592817142,HOLD,2025-10-21,2026-01-21,0
2025-12-04 15:00:00,META,101756.56592817142,HOLD,2025-10-21,2026-01-21,0
2025-12-05 09:30:00,META,101756.56592817142,HOLD,2025-10-21,2026-01-21,0
2025-12-05 10:00:00,META,101756.56592817142,HOLD,2025-10-21,2026-01-21,0
2025-12-05 11:00:00,META,101756.56592817142,HOLD,2025-10-21,2026-01-21,0
2025-12-05 12:00:00,META,101756.56592817142,HOLD,2025-10-21,2026-01-21,0
2025-12-05 13:00:00,META,101756.56592817142,HOLD,2025-10-21,2026-01-21,0
2025-12-05 14:00:00,META,101756.56592817142,HOLD,2025-10-21,2026-01-21,0
2025-12-05 15:00:00,META,101756.56592817142,HOLD,2025-10-21,2026-01-21,0
2025-12-08 09:30:00,META,101756.56592817142,HOLD,2025-10-21,2026-01-21,0
2025-12-08 10:00:00,META,101756.56592817142,HOLD,2025-10-21,2026-01-21,0
2025-12-08 11:00:00,META,101756.56592817142,HOLD,2025-10-21,2026-01-21,0
2025-12-08 12:00:00,META,101756.56592817142,HOLD,2025-10-21,2026-01-21,0
2025-12-08 13:00:00,META,101756.56592817142,HOLD,2025-10-21,2026-01-21,0
2025-12-08 14:00:00,META,101756.56592817142,HOLD,2025-10-21,2026-01-21,0
2025-12-08 15:00:00,META,101756.56592817142,HOLD,2025-10-21,2026-01-21,0
2025-12-09 09:30:00,META,101756.56592817142,HOLD,2025-10-21,2026-01-21,0
2025-12-09 10:00:00,META,101756.56592817142,HOLD,2025-10-21,2026-01-21,0
2025-12-09 11:00:00,META,101756.56592817142,HOLD,2025-10-21,2026-01-21,0
2025-12-09 12:00:00,META,101756.56592817142,HOLD,2025-10-21,2026-01-21,0
2025-12-09 13:00:00,META,101756.56592817142,HOLD,2025-10-21,2026-01-21,0
2025-12-09 14:00:00,META,101756.56592817142,HOLD,2025-10-21,2026-01-21,0
2025-12-09 15:00:00,META,101756.56592817142,HOLD,2025-10-21,2026-01-21,0
2025-12-10 09:30:00,META,101756.56592817142,HOLD,2025-10-21,2026-01-21,0
2025-12-10 10:00:00,META,101756.56592817142,HOLD,2025-10-21,2026-01-21,0
2025-12-10 11:00:00,META,101756.56592817142,HOLD,2025-10-21,2026-01-21,0
2025-12-10 12:00:00,META,101756.56592817142,HOLD,2025-10-21,2026-01-21,0
2025-12-10 13:00:00,META,101756.56592817142,HOLD,2025-10-21,2026-01-21,0
2025-12-10 14:00:00,META,101756.56592817142,HOLD,2025-10-21,2026-01-21,0
2025-12-10 15:00:00,META,101756.56592817142,HOLD,2025-10-21,2026-01-21,0
2025-12-11 09:30:00,META,101756.56592817142,HOLD,2025-10-21,2026-01-21,0
2025-12-11 10:00:00,META,101756.56592817142,HOLD,2025-10-21,2026-01-21,0
2025-12-11 11:00:00,META,101756.56592817142,HOLD,2025-10-21,2026-01-21,0
2025-12-11 12:00:00,META,101756.56592817142,HOLD,2025-10-21,2026-01-21,0
2025-12-11 13:00:00,META,101756.56592817142,HOLD,2025-10-21,2026-01-21,0
2025-12-11 14:00:00,META,101756.56592817142,HOLD,2025-10-21,2026-01-21,0
2025-12-11 15:00:00,META,101756.56592817142,HOLD,2025-10-21,2026-01-21,0
2025-12-12 09:30:00,META,101756.56592817142,HOLD,2025-10-21,2026-01-21,0
2025-12-12 10:00:00,META,101756.56592817142,HOLD,2025-10-21,2026-01-21,0
2025-12-12 11:00:00,META,101756.56592817142,HOLD,2025-10-21,2026-01-21,0
2025-12-12 12:00:00,META,101756.56592817142,HOLD,2025-10-21,2026-01-21,0
2025-12-12 13:00:00,META,101756.56592817142,HOLD,2025-10-21,2026-01-21,0
2025-12-12 14:00:00,META,101756.56592817142,HOLD,2025-10-21,2026-01-21,0
2025-12-12 15:00:00,META,101756.56592817142,HOLD,2025-10-21,2026-01-21,0
2025-12-15 09:30:00,META,101756.56592817142,HOLD,2025-10-21,2026-01-21,0
2025-12-15 10:00:00,META,101756.56592817142,HOLD,2025-10-21,2026-01-21,0
2025-12-15 11:00:00,META,101756.56592817142,HOLD,2025-10-21,2026-01-21,0
2025-12-15 12:00:00,META,101756.56592817142,HOLD,2025-10-21,2026-01-21,0
2025-12-15 13:00:00,META,101756.56592817142,HOLD,2025-10-21,2026-01-21,0
2025-12-15 14:00:00,META,101756.56592817142,HOLD,2025-10-21,2026-01-21,0
2025-12-15 15:00:00,META,101756.56592817142,HOLD,2025-10-21,2026-01-21,0
2025-12-16 09:30:00,META,101756.56592817142,HOLD,2025-10-21,2026-01-21,0
2025-12-16 10:00:00,META,101756.56592817142,HOLD,2025-10-21,2026-01-21,0
2025-12-16 11:00:00,META,101756.56592817142,HOLD,2025-10-21,2026-01-21,0
2025-12-16 12:00:00,META,101756.56592817142,HOLD,2025-10-21,2026-01-21,0
2025-12-16 13:00:00,META,101756.56592817142,HOLD,2025-10-21,2026-01-21,0
2025-12-16 14:00:00,META,101756.56592817142,HOLD,2025-10-21,2026-01-21,0
2025-12-16 15:00:00,META,101756.56592817142,HOLD,2025-10-21,2026-01-21,0
2025-12-17 09:30:00,META,101756.56592817142,HOLD,2025-10-21,2026-01-21,0
2025-12-17 10:00:00,META,101756.56592817142,HOLD,2025-10-21,2026-01-21,0
2025-12-17 11:00:00,META,101756.56592817142,HOLD,2025-10-21,2026-01-21,0
2025-12-17 12:00:00,META,101756.56592817142,HOLD,2025-10-21,2026-01-21,0
2025-12-17 13:00:00,META,101756.56592817142,HOLD,2025-10-21,2026-01-21,0
2025-12-17 14:00:00,META,101756.56592817142,HOLD,2025-10-21,2026-01-21,0
2025-12-17 15:00:00,META,101756.56592817142,HOLD,2025-10-21,2026-01-21,0
2025-12-18 09:30:00,META,101756.56592817142,HOLD,2025-10-21,2026-01-21,0
2025-12-18 10:00:00,META,101756.56592817142,HOLD,2025-10-21,2026-01-21,0
2025-12-18 11:00:00,META,101756.56592817142,HOLD,2025-10-21,2026-01-21,0
2025-12-18 12:00:00,META,101756.56592817142,HOLD,2025-10-21,2026-01-21,0
2025-12-18 13:00:00,META,101756.56592817142,HOLD,2025-10-21,2026-01-21,0
2025-12-18 14:00:00,META,101756.56592817142,HOLD,2025-10-21,2026-01-21,0
2025-12-18 15:00:00,META,101756.56592817142,HOLD,2025-10-21,2026-01-21,0
2025-12-19 09:30:00,META,101756.56592817142,HOLD,2025-10-21,2026-01-21,0
2025-12-19 10:00:00,META,101756.56592817142,HOLD,2025-10-21,2026-01-21,0
2025-12-19 11:00:00,META,101756.56592817142,HOLD,2025-10-21,2026-01-21,0
2025-12-19 12:00:00,META,101756.56592817142,HOLD,2025-10-21,2026-01-21,0
2025-12-19 13:00:00,META,101756.56592817142,HOLD,2025-10-21,2026-01-21,0
2025-12-19 14:00:00,META,101756.56592817142,HOLD,2025-10-21,2026-01-21,0
2025-12-19 15:00:00,META,101756.56592817142,HOLD,2025-10-21,2026-01-21,0
2025-12-22 09:30:00,META,101756.56592817142,HOLD,2025-10-21,2026-01-21,0
2025-12-22 10:00:00,META,101756.56592817142,HOLD,2025-10-21,2026-01-21,0
2025-12-22 11:00:00,META,101756.56592817142,HOLD,2025-10-21,2026-01-21,0
2025-12-22 12:00:00,META,101756.56592817142,HOLD,2025-10-21,2026-01-21,0
2025-12-22 13:00:00,META,101756.56592817142,HOLD,2025-10-21,2026-01-21,0
2025-12-22 14:00:00,META,101756.56592817142,HOLD,2025-10-21,2026-01-21,0
2025-12-22 15:00:00,META,101756.56592817142,HOLD,2025-10-21,2026-01-21,0
2025-12-23 09:30:00,META,101756.56592817142,HOLD,2025-10-21,2026-01-21,0
2025-12-23 10:00:00,META,101756.56592817142,HOLD,2025-10-21,2026-01-21,0
2025-12-23 11:00:00,META,101756.56592817142,HOLD,2025-10-21,2026-01-21,0
2025-12-23 12:00:00,META,101756.56592817142,HOLD,2025-10-21,2026-01-21,0
2025-12-23 13:00:00,META,101756.56592817142,HOLD,2025-10-21,2026-01-21,0
2025-12-23 14:00:00,META,101756.56592817142,HOLD,2025-10-21,2026-01-21,0
2025-12-23 15:00:00,META,101756.56592817142,HOLD,2025-10-21,2026-01-21,0
2025-12-24 09:30:00,META,101756.56592817142,HOLD,2025-10-21,2026-01-21,0
2025-12-24 10:00:00,META,101756.56592817142,HOLD,2025-10-21,2026-01-21,0
2025-12-24 11:00:00,META,101756.56592817142,HOLD,2025-10-21,2026-01-21,0
2025-12-24 12:00:00,META,101756.56592817142,HOLD,2025-10-21,2026-01-21,0
2025-12-26 09:30:00,META,101756.56592817142,HOLD,2025-10-21,2026-01-21,0
2025-12-26 10:00:00,META,101756.56592817142,HOLD,2025-10-21,2026-01-21,0
2025-12-26 11:00:00,META,101756.56592817142,HOLD,2025-10-21,2026-01-21,0
2025-12-26 12:00:00,META,101756.56592817142,HOLD,2025-10-21,2026-01-21,0
2025-12-26 13:00:00,META,101756.56592817142,HOLD,2025-10-21,2026-01-21,0
2025-12-26 14:00:00,META,101756.56592817142,HOLD,2025-10-21,2026-01-21,0
2025-12-26 15:00:00,META,101756.56592817142,HOLD,2025-10-21,2026-01-21,0
2025-12-29 09:30:00,META,101756.56592817142,HOLD,2025-10-21,2026-01-21,0
2025-12-29 10:00:00,META,101756.56592817142,HOLD,2025-10-21,2026-01-21,0
2025-12-29 11:00:00,META,101756.56592817142,HOLD,2025-10-21,2026-01-21,0
2025-12-29 12:00:00,META,101756.56592817142,HOLD,2025-10-21,2026-01-21,0
2025-12-29 13:00:00,META,101756.56592817142,HOLD,2025-10-21,2026-01-21,0
2025-12-29 14:00:00,META,101756.56592817142,HOLD,2025-10-21,2026-01-21,0
2025-12-29 15:00:00,META,101756.56592817142,HOLD,2025-10-21,2026-01-21,0
2025-12-30 09:30:00,META,101756.56592817142,HOLD,2025-10-21,2026-01-21,0
2025-12-30 10:00:00,META,101756.56592817142,HOLD,2025-10-21,2026-01-21,0
2025-12-30 11:00:00,META,101756.56592817142,HOLD,2025-10-21,2026-01-21,0
2025-12-30 12:00:00,META,101756.56592817142,HOLD,2025-10-21,2026-01-21,0
2025-12-30 13:00:00,META,101756.56592817142,HOLD,2025-10-21,2026-01-21,0
2025-12-30 14:00:00,META,101756.56592817142,HOLD,2025-10-21,2026-01-21,0
2025-12-30 15:00:00,META,101756.56592817142,HOLD,2025-10-21,2026-01-21,0
2025-12-31 09:30:00,META,101756.56592817142,HOLD,2025-10-21,2026-01-21,0
2025-12-31 10:00:00,META,101756.56592817142,HOLD,2025-10-21,2026-01-21,0
2025-12-31 11:00:00,META,101756.56592817142,HOLD,2025-10-21,2026-01-21,0
2025-12-31 12:00:00,META,101756.56592817142,HOLD,2025-10-21,2026-01-21,0
2025-12-31 13:00:00,META,101756.56592817142,HOLD,2025-10-21,2026-01-21,0
2025-12-31 14:00:00,META,101756.56592817142,HOLD,2025-10-21,2026-01-21,0
2025-12-31 15:00:00,META,101756.56592817142,HOLD,2025-10-21,2026-01-21,0
2026-01-02 09:30:00,META,101756.56592817142,HOLD,2025-10-21,2026-01-21,0
2026-01-02 10:00:00,META,101756.56592817142,HOLD,2025-10-21,2026-01-21,0
2026-01-02 11:00:00,META,101756.56592817142,HOLD,2025-10-21,2026-01-21,0
2026-01-02 12:00:00,META,101756.56592817142,HOLD,2025-10-21,2026-01-21,0
2026-01-02 13:00:00,META,101756.56592817142,HOLD,2025-10-21,2026-01-21,0
2026-01-02 14:00:00,META,101756.56592817142,HOLD,2025-10-21,2026-01-21,0
2026-01-02 15:00:00,META,101756.56592817142,HOLD,2025-10-21,2026-01-21,0
2026-01-05 09:30:00,META,101756.56592817142,HOLD,2025-10-21,2026-01-21,0
2026-01-05 10:00:00,META,101756.56592817142,HOLD,2025-10-21,2026-01-21,0
2026-01-05 11:00:00,META,101756.56592817142,HOLD,2025-10-21,2026-01-21,0
2026-01-05 12:00:00,META,101756.56592817142,HOLD,2025-10-21,2026-01-21,0
2026-01-05 13:00:00,META,101756.56592817142,HOLD,2025-10-21,2026-01-21,0
2026-01-05 14:00:00,META,101756.56592817142,HOLD,2025-10-21,2026-01-21,0
2026-01-05 15:00:00,META,101756.56592817142,HOLD,2025-10-21,2026-01-21,0
2026-01-06 09:30:00,META,101756.56592817142,HOLD,2025-10-21,2026-01-21,0
2026-01-06 10:00:00,META,101756.56592817142,HOLD,2025-10-21,2026-01-21,0
2026-01-06 11:00:00,META,101756.56592817142,HOLD,2025-10-21,2026-01-21,0
2026-01-06 12:00:00,META,101756.56592817142,HOLD,2025-10-21,2026-01-21,0
2026-01-06 13:00:00,META,101756.56592817142,HOLD,2025-10-21,2026-01-21,0
2026-01-06 14:00:00,META,101756.56592817142,HOLD,2025-10-21,2026-01-21,0
2026-01-06 15:00:00,META,101756.56592817142,HOLD,2025-10-21,2026-01-21,0
2026-01-07 09:30:00,META,101756.56592817142,HOLD,2025-10-21,2026-01-21,0
2026-01-07 10:00:00,META,101756.56592817142,HOLD,2025-10-21,2026-01-21,0
2026-01-07 11:00:00,META,101756.56592817142,HOLD,2025-10-21,2026-01-21,0
2026-01-07 12:00:00,META,101756.56592817142,HOLD,2025-10-21,2026-01-21,0
2026-01-07 13:00:00,META,101756.56592817142,HOLD,2025-10-21,2026-01-21,0
2026-01-07 14:00:00,META,101756.56592817142,HOLD,2025-10-21,2026-01-21,0
2026-01-07 15:00:00,META,101756.56592817142,HOLD,2025-10-21,2026-01-21,0
2026-01-08 09:30:00,META,101756.56592817142,HOLD,2025-10-21,2026-01-21,0
2026-01-08 10:00:00,META,101756.56592817142,HOLD,2025-10-21,2026-01-21,0
2026-01-08 11:00:00,META,101756.56592817142,HOLD,2025-10-21,2026-01-21,0
2026-01-08 12:00:00,META,101756.56592817142,HOLD,2025-10-21,2026-01-21,0
2026-01-08 13:00:00,META,101756.56592817142,HOLD,2025-10-21,2026-01-21,0
2026-01-08 14:00:00,META,101756.56592817142,HOLD,2025-10-21,2026-01-21,0
2026-01-08 15:00:00,META,101756.56592817142,HOLD,2025-10-21,2026-01-21,0
2026-01-09 09:30:00,META,101756.56592817142,HOLD,2025-10-21,2026-01-21,0
2026-01-09 10:00:00,META,101756.56592817142,HOLD,2025-10-21,2026-01-21,0
2026-01-09 11:00:00,META,101756.56592817142,HOLD,2025-10-21,2026-01-21,0
2026-01-09 12:00:00,META,101756.56592817142,HOLD,2025-10-21,2026-01-21,0
2026-01-09 13:00:00,META,101756.56592817142,HOLD,2025-10-21,2026-01-21,0
2026-01-09 14:00:00,META,101756.56592817142,HOLD,2025-10-21,2026-01-21,0
2026-01-09 15:00:00,META,101756.56592817142,HOLD,2025-10-21,2026-01-21,0
2026-01-12 09:30:00,META,101756.56592817142,HOLD,2025-10-21,2026-01-21,0
2026-01-12 10:00:00,META,101756.56592817142,HOLD,2025-10-21,2026-01-21,0
2026-01-12 11:00:00,META,101756.56592817142,HOLD,2025-10-21,2026-01-21,0
2026-01-12 12:00:00,META,101756.56592817142,HOLD,2025-10-21,2026-01-21,0
2026-01-12 13:00:00,META,101756.56592817142,HOLD,2025-10-21,2026-01-21,0
2026-01-12 14:00:00,META,101756.56592817142,HOLD,2025-10-21,2026-01-21,0
2026-01-12 15:00:00,META,101756.56592817142,HOLD,2025-10-21,2026-01-21,0
2026-01-13 09:30:00,META,101756.56592817142,HOLD,2025-10-21,2026-01-21,0
2026-01-13 10:00:00,META,101756.56592817142,HOLD,2025-10-21,2026-01-21,0
2026-01-13 11:00:00,META,101756.56592817142,HOLD,2025-10-21,2026-01-21,0
2026-01-13 12:00:00,META,101756.56592817142,HOLD,2025-10-21,2026-01-21,0
2026-01-13 13:00:00,META,101756.56592817142,HOLD,2025-10-21,2026-01-21,0
2026-01-13 14:00:00,META,101756.56592817142,HOLD,2025-10-21,2026-01-21,0
2026-01-13 15:00:00,META,101756.56592817142,HOLD,2025-10-21,2026-01-21,0
2026-01-14 09:30:00,META,101756.56592817142,HOLD,2025-10-21,2026-01-21,0
2026-01-14 10:00:00,META,101756.56592817142,HOLD,2025-10-21,2026-01-21,0
2026-01-14 11:00:00,META,101756.56592817142,HOLD,2025-10-21,2026-01-21,0
2026-01-14 12:00:00,META,101756.56592817142,HOLD,2025-10-21,2026-01-21,0
2026-01-14 13:00:00,META,101756.56592817142,HOLD,2025-10-21,2026-01-21,0
2026-01-14 14:00:00,META,101756.56592817142,HOLD,2025-10-21,2026-01-21,0
2026-01-14 15:00:00,META,101756.56592817142,HOLD,2025-10-21,2026-01-21,0
2026-01-15 09:30:00,META,101756.56592817142,HOLD,2025-10-21,2026-01-21,0
2026-01-15 10:00:00,META,101756.56592817142,HOLD,2025-10-21,2026-01-21,0
2026-01-15 11:00:00,META,101756.56592817142,HOLD,2025-10-21,2026-01-21,0
2026-01-15 12:00:00,META,101756.56592817142,HOLD,2025-10-21,2026-01-21,0
2026-01-15 13:00:00,META,101756.56592817142,HOLD,2025-10-21,2026-01-21,0
2026-01-15 14:00:00,META,101756.56592817142,HOLD,2025-10-21,2026-01-21,0
2026-01-15 15:00:00,META,101756.56592817142,HOLD,2025-10-21,2026-01-21,0
2026-01-16 09:30:00,META,101756.56592817142,HOLD,2025-10-21,2026-01-21,0
2026-01-16 10:00:00,META,101756.56592817142,HOLD,2025-10-21,2026-01-21,0
2026-01-16 11:00:00,META,101756.56592817142,HOLD,2025-10-21,2026-01-21,0
2026-01-16 12:00:00,META,101756.56592817142,HOLD,2025-10-21,2026-01-21,0
2026-01-16 13:00:00,META,101756.56592817142,HOLD,2025-10-21,2026-01-21,0
2026-01-16 14:00:00,META,101756.56592817142,HOLD,2025-10-21,2026-01-21,0
2026-01-16 15:00:00,META,101756.56592817142,HOLD,2025-10-21,2026-01-21,0
2026-01-20 09:30:00,META,101756.56592817142,HOLD,2025-10-21,2026-01-21,0
2026-01-20 10:00:00,META,101756.56592817142,HOLD,2025-10-21,2026-01-21,0
2026-01-20 11:00:00,META,101756.56592817142,HOLD,2025-10-21,2026-01-21,0
2026-01-20 12:00:00,META,101756.56592817142,HOLD,2025-10-21,2026-01-21,0
2026-01-20 13:00:00,META,101756.56592817142,HOLD,2025-10-21,2026-01-21,0
2026-01-20 14:00:00,META,101756.56592817142,HOLD,2025-10-21,2026-01-21,0
2026-01-20 15:00:00,META,101756.56592817142,HOLD,2025-10-21,2026-01-21,0
2026-01-21 09:30:00,META,101756.56592817142,HOLD,2025-10-21,2026-01-21,0
2026-01-21 10:00:00,META,101756.56592817142,HOLD,2025-10-21,2026-01-21,0
2026-01-21 11:00:00,META,101756.56592817142,HOLD,2025-10-21,2026-01-21,0
2026-01-21 12:00:00,META,101756.56592817142,HOLD,2025-10-21,2026-01-21,0
2026-01-21 13:00:00,META,101756.56592817142,HOLD,2025-10-21,2026-01-21,0
2026-01-21 14:00:00,META,101756.56592817142,HOLD,2025-10-21,2026-01-21,0
2026-01-21 15:00:00,META,101756.56592817142,HOLD,2025-10-21,2026-01-21,0
