timestamp,open,high,low,close,volume,symbol,date
2024-04-18,84.98,86.19,82.4,84.67,302400620,NVDA,2024-04-18
2024-04-19,83.13,84.32,75.61,76.2,569755230,NVDA,2024-04-19
2024-04-22,78.1,80.03,76.4,79.52,391265330,NVDA,2024-04-22
2024-04-23,80.77,82.77,80.26,82.42,287279100,NVDA,2024-04-23
2024-04-24,83.95,84.08,79.18,79.68,337109690,NVDA,2024-04-24
2024-04-25,78.97,83.32,78.22,82.63,263618970,NVDA,2024-04-25
2024-04-26,83.83,88.33,83.39,87.74,363275280,NVDA,2024-04-26
2024-04-29,87.6,87.99,85.27,87.76,262526860,NVDA,2024-04-29
2024-04-30,87.24,88.82,86.3,86.4,227799130,NVDA,2024-04-30
2024-05-01,85.17,86.0,81.25,83.04,389651340,NVDA,2024-05-01
2024-05-02,84.42,86.24,83.2,85.82,252142560,NVDA,2024-05-02
2024-05-03,87.79,89.28,87.04,88.79,269566130,NVDA,2024-05-03
2024-05-06,89.39,92.22,89.05,92.14,244644750,NVDA,2024-05-06
2024-05-07,91.08,91.78,89.01,90.55,302169050,NVDA,2024-05-07
2024-05-08,89.5,91.19,89.42,90.41,216748330,NVDA,2024-05-08
2024-05-09,90.54,91.07,88.23,88.75,262401440,NVDA,2024-05-09
2024-05-10,90.3,91.4,89.23,89.88,227270170,NVDA,2024-05-10
2024-05-13,90.48,91.0,88.53,90.4,190163660,NVDA,2024-05-13
2024-05-14,89.59,91.65,88.93,91.36,202185010,NVDA,2024-05-14
2024-05-15,92.47,94.86,91.6,94.63,264306290,NVDA,2024-05-15
2024-05-16,94.91,95.82,94.1,94.36,204400900,NVDA,2024-05-16
2024-05-17,94.37,94.74,91.81,92.48,229046700,NVDA,2024-05-17
2024-05-20,93.75,95.2,93.44,94.78,208755210,NVDA,2024-05-20
2024-05-21,93.59,95.4,93.18,95.39,202667940,NVDA,2024-05-21
2024-05-22,95.46,96.02,93.25,94.95,268911750,NVDA,2024-05-22
2024-05-23,102.03,106.32,101.52,103.8,487268090,NVDA,2024-05-23
2024-05-24,104.45,106.48,103.0,106.47,258698390,NVDA,2024-05-24
2024-05-28,110.2,114.94,109.88,113.9,383119990,NVDA,2024-05-28
2024-05-29,113.05,115.49,110.92,114.83,327118450,NVDA,2024-05-29
2024-05-30,114.65,115.82,109.66,110.5,279935410,NVDA,2024-05-30
2024-05-31,112.5,112.72,106.98,109.63,312903700,NVDA,2024-05-31
2024-06-03,113.62,115.0,112.0,115.0,256421090,NVDA,2024-06-03
2024-06-04,115.7,116.6,114.05,116.44,238996210,NVDA,2024-06-04
2024-06-05,118.37,122.45,117.47,122.44,290101330,NVDA,2024-06-05
2024-06-06,124.05,125.59,118.32,121.0,390298280,NVDA,2024-06-06
2024-06-07,119.78,121.69,118.02,120.89,239853680,NVDA,2024-06-07
2024-06-10,120.35,123.1,117.01,121.79,248378881,NVDA,2024-06-10
2024-06-11,121.77,122.87,118.74,120.91,173618204,NVDA,2024-06-11
2024-06-12,123.05,126.88,122.57,125.2,224662357,NVDA,2024-06-12
2024-06-13,129.39,129.8,127.16,129.61,193257923,NVDA,2024-06-13
2024-06-14,129.96,132.84,128.32,131.88,238285565,NVDA,2024-06-14
2024-06-17,132.93,133.73,129.58,130.98,213742124,NVDA,2024-06-17
2024-06-18,131.14,136.33,130.69,135.58,230317505,NVDA,2024-06-18
2024-06-20,139.71,140.76,129.52,130.78,377901573,NVDA,2024-06-20
2024-06-21,127.11,130.63,124.3,126.57,324484624,NVDA,2024-06-21
2024-06-24,123.24,124.46,118.04,118.11,342570718,NVDA,2024-06-24
2024-06-25,121.13,126.5,119.32,126.09,310653472,NVDA,2024-06-25
2024-06-26,126.13,128.12,122.6,126.4,256539732,NVDA,2024-06-26
2024-06-27,124.09,126.41,122.92,123.99,182569020,NVDA,2024-06-27
2024-06-28,124.57,127.71,122.75,123.54,227540428,NVDA,2024-06-28
2024-07-01,123.5,124.84,118.83,124.3,226455052,NVDA,2024-07-01
2024-07-02,121.11,123.41,121.03,122.67,164107780,NVDA,2024-07-02
2024-07-03,121.66,128.28,121.36,128.28,164194999,NVDA,2024-07-03
2024-07-05,127.3,128.85,125.68,125.83,158226578,NVDA,2024-07-05
2024-07-08,127.49,130.77,127.04,128.2,183753393,NVDA,2024-07-08
2024-07-09,130.36,133.82,128.65,131.38,225086868,NVDA,2024-07-09
2024-07-10,134.03,135.1,132.42,134.91,177510660,NVDA,2024-07-10
2024-07-11,135.76,136.15,127.05,127.4,273482889,NVDA,2024-07-11
2024-07-12,128.27,131.92,127.22,129.24,195452659,NVDA,2024-07-12
2024-07-15,130.62,131.39,127.18,128.44,158932314,NVDA,2024-07-15
2024-07-16,128.44,129.04,124.58,126.36,160620403,NVDA,2024-07-16
2024-07-17,121.34,121.85,116.72,117.99,283220065,NVDA,2024-07-17
2024-07-18,121.89,122.4,116.56,121.09,247583656,NVDA,2024-07-18
2024-07-19,120.35,121.6,117.37,117.93,152849463,NVDA,2024-07-19
2024-07-22,120.35,124.07,119.86,123.54,189146708,NVDA,2024-07-22
2024-07-23,122.75,124.69,122.1,122.59,129772607,NVDA,2024-07-23
2024-07-24,119.19,119.95,113.44,114.25,227819138,NVDA,2024-07-24
2024-07-25,113.07,116.63,106.3,112.28,353161438,NVDA,2024-07-25
2024-07-26,116.18,116.2,111.58,113.06,212470053,NVDA,2024-07-26
2024-07-29,113.69,116.28,111.3,111.59,192385129,NVDA,2024-07-29
2024-07-30,111.52,111.99,102.54,103.73,368521683,NVDA,2024-07-30
2024-07-31,112.9,118.34,110.88,117.02,337478448,NVDA,2024-07-31
2024-08-01,117.52,120.16,106.81,109.21,404138521,NVDA,2024-08-01
2024-08-02,103.76,108.72,101.4,107.27,350850908,NVDA,2024-08-02
2024-08-05,92.11,103.41,90.79,100.45,373078036,NVDA,2024-08-05
2024-08-06,103.84,107.71,100.55,104.25,296427780,NVDA,2024-08-06
2024-08-07,107.81,108.68,98.69,98.91,313552066,NVDA,2024-08-07
2024-08-08,102.0,105.5,97.52,104.97,299711677,NVDA,2024-08-08
2024-08-09,105.64,106.6,103.43,104.75,231407231,NVDA,2024-08-09
2024-08-12,106.32,111.07,106.26,109.02,264827645,NVDA,2024-08-12
2024-08-13,112.44,116.23,111.58,116.14,233572458,NVDA,2024-08-13
2024-08-14,118.5,118.6,114.07,118.08,265400222,NVDA,2024-08-14
2024-08-15,118.72,123.24,117.47,122.86,242716149,NVDA,2024-08-15
2024-08-16,121.94,125.0,121.18,124.58,225852078,NVDA,2024-08-16
2024-08-19,124.3,130.0,123.42,130.0,249065927,NVDA,2024-08-19
2024-08-20,128.4,129.88,125.89,127.25,236159966,NVDA,2024-08-20
2024-08-21,127.3,129.35,126.66,128.5,207660331,NVDA,2024-08-21
2024-08-22,130.04,130.75,123.1,123.74,292824529,NVDA,2024-08-22
2024-08-23,125.86,129.6,125.22,129.37,245832008,NVDA,2024-08-23
2024-08-26,129.56,131.26,124.37,126.46,257291449,NVDA,2024-08-26
2024-08-27,125.05,129.2,123.88,128.3,234353795,NVDA,2024-08-27
2024-08-28,128.2,128.33,122.64,125.61,301750216,NVDA,2024-08-28
2024-08-29,121.38,124.43,116.71,117.59,325772876,NVDA,2024-08-29
2024-08-30,119.47,121.75,117.22,119.37,247254513,NVDA,2024-08-30
2024-09-03,116.01,116.21,107.29,108.0,353827463,NVDA,2024-09-03
2024-09-04,105.4,109.99,104.12,106.21,300269045,NVDA,2024-09-04
2024-09-05,104.97,109.65,104.76,107.21,236884691,NVDA,2024-09-05
2024-09-06,108.06,108.15,100.95,102.83,307038285,NVDA,2024-09-06
2024-09-09,104.86,106.55,103.69,106.47,207568497,NVDA,2024-09-09
2024-09-10,107.81,109.4,104.95,108.1,211506127,NVDA,2024-09-10
2024-09-11,109.44,117.18,107.42,116.91,350992646,NVDA,2024-09-11
2024-09-12,116.84,120.79,115.38,119.14,288999199,NVDA,2024-09-12
2024-09-13,119.05,119.96,117.6,119.1,185850218,NVDA,2024-09-13
2024-09-16,116.79,118.18,114.36,116.78,188908542,NVDA,2024-09-16
2024-09-17,118.17,118.8,114.83,115.59,182223354,NVDA,2024-09-17
2024-09-18,115.92,117.7,113.22,113.37,238189178,NVDA,2024-09-18
2024-09-19,117.35,119.66,117.25,117.87,215727646,NVDA,2024-09-19
2024-09-20,117.06,118.62,115.39,116.0,203035396,NVDA,2024-09-20
2024-09-23,116.54,116.99,114.86,116.26,154265613,NVDA,2024-09-23
2024-09-24,116.5,121.8,115.38,120.87,276256472,NVDA,2024-09-24
2024-09-25,122.02,124.94,121.61,123.51,222255197,NVDA,2024-09-25
2024-09-26,126.79,127.67,121.8,124.04,235258433,NVDA,2024-09-26
2024-09-27,123.97,124.03,119.26,121.4,209564365,NVDA,2024-09-27
2024-09-30,118.3,121.5,118.15,121.44,167513705,NVDA,2024-09-30
2024-10-01,121.77,122.44,115.79,117.0,230136057,NVDA,2024-10-01
2024-10-02,116.41,119.38,115.14,118.85,157178379,NVDA,2024-10-02
2024-10-03,120.88,124.36,120.34,122.85,223461541,NVDA,2024-10-03
2024-10-04,124.91,125.01,121.83,124.92,190239579,NVDA,2024-10-04
2024-10-07,124.96,130.64,124.94,127.72,277061597,NVDA,2024-10-07
2024-10-08,130.24,133.48,129.42,132.89,224626342,NVDA,2024-10-08
2024-10-09,134.12,134.52,131.38,132.65,196391798,NVDA,2024-10-09
2024-10-10,131.91,135.0,131.0,134.81,193379020,NVDA,2024-10-10
2024-10-11,134.02,135.78,133.66,134.8,133021624,NVDA,2024-10-11
2024-10-14,136.47,139.6,136.3,138.07,176045982,NVDA,2024-10-14
2024-10-15,137.87,138.57,128.74,131.6,294109368,NVDA,2024-10-15
2024-10-16,133.96,136.62,131.59,135.72,210104509,NVDA,2024-10-16
2024-10-17,139.33,140.89,136.87,136.93,233948542,NVDA,2024-10-17
2024-10-18,138.66,138.9,137.28,138.0,133012089,NVDA,2024-10-18
2024-10-21,138.13,143.71,138.0,143.71,201283439,NVDA,2024-10-21
2024-10-22,142.97,144.42,141.78,143.59,172751660,NVDA,2024-10-22
2024-10-23,142.02,142.43,137.46,139.56,224333822,NVDA,2024-10-23
2024-10-24,140.82,141.35,138.46,140.41,131691590,NVDA,2024-10-24
2024-10-25,140.93,144.13,140.8,141.54,160991153,NVDA,2024-10-25
2024-10-28,143.03,143.14,140.05,140.52,129577268,NVDA,2024-10-28
2024-10-29,140.26,142.26,138.9,141.25,115305913,NVDA,2024-10-29
2024-10-30,139.52,140.33,136.81,139.34,122350594,NVDA,2024-10-30
2024-10-31,137.6,137.62,132.11,132.76,191719617,NVDA,2024-10-31
2024-11-01,134.7,137.31,134.58,135.4,142058449,NVDA,2024-11-01
2024-11-04,137.25,138.96,135.57,136.05,141731456,NVDA,2024-11-04
2024-11-05,137.45,140.38,137.33,139.91,120303912,NVDA,2024-11-05
2024-11-06,142.96,146.49,141.99,145.61,172413322,NVDA,2024-11-06
2024-11-07,146.39,148.93,146.17,148.88,139410984,NVDA,2024-11-07
2024-11-08,148.79,149.77,146.26,147.63,122058252,NVDA,2024-11-08
2024-11-11,148.62,148.85,143.57,145.26,131542880,NVDA,2024-11-11
2024-11-12,146.77,149.62,146.01,148.29,140041646,NVDA,2024-11-12
2024-11-13,149.04,149.33,145.9,146.27,122559622,NVDA,2024-11-13
2024-11-14,147.64,149.0,145.55,146.76,136860423,NVDA,2024-11-14
2024-11-15,144.87,145.24,140.08,141.98,172742213,NVDA,2024-11-15
2024-11-18,139.51,141.55,137.15,140.15,143240458,NVDA,2024-11-18
2024-11-19,141.32,147.13,140.99,147.01,158340129,NVDA,2024-11-19
2024-11-20,147.38,147.56,142.73,145.89,193739776,NVDA,2024-11-20
2024-11-21,149.35,152.89,140.7,146.67,295553519,NVDA,2024-11-21
2024-11-22,145.89,147.16,141.1,141.95,176904822,NVDA,2024-11-22
2024-11-25,141.92,142.03,135.82,136.02,195607735,NVDA,2024-11-25
2024-11-26,137.7,139.3,135.67,136.92,135091885,NVDA,2024-11-26
2024-11-27,135.01,137.22,131.8,135.34,162859270,NVDA,2024-11-27
2024-11-29,136.74,139.35,136.05,138.25,92706442,NVDA,2024-11-29
2024-12-02,138.81,140.45,137.82,138.63,114156555,NVDA,2024-12-02
2024-12-03,138.26,140.54,137.98,140.26,107664966,NVDA,2024-12-03
2024-12-04,142.0,145.79,140.29,145.14,168544839,NVDA,2024-12-04
2024-12-05,145.12,146.54,143.95,145.06,121403743,NVDA,2024-12-05
2024-12-06,144.6,145.7,141.31,142.44,129457303,NVDA,2024-12-06
2024-12-09,138.98,139.95,137.13,138.81,122071528,NVDA,2024-12-09
2024-12-10,139.01,141.82,133.79,135.07,146174439,NVDA,2024-12-10
2024-12-11,137.36,140.17,135.21,139.31,127827416,NVDA,2024-12-11
2024-12-12,137.08,138.44,135.8,137.34,109978929,NVDA,2024-12-12
2024-12-13,138.99,139.6,132.54,134.25,165957903,NVDA,2024-12-13
2024-12-16,134.17,134.4,130.42,132.0,164205943,NVDA,2024-12-16
2024-12-17,129.08,131.59,126.86,130.39,174306817,NVDA,2024-12-17
2024-12-18,133.88,136.7,128.28,128.91,179967130,NVDA,2024-12-18
2024-12-19,131.68,134.03,129.55,130.68,142123340,NVDA,2024-12-19
2024-12-20,129.75,135.28,128.22,134.7,161073786,NVDA,2024-12-20
2024-12-23,136.24,139.79,135.12,139.67,127961500,NVDA,2024-12-23
2024-12-24,140.01,141.9,138.65,140.22,74639326,NVDA,2024-12-24
2024-12-26,139.64,140.85,137.73,139.93,87517345,NVDA,2024-12-26
2024-12-27,138.57,139.02,134.71,137.01,125584869,NVDA,2024-12-27
2024-12-30,134.83,140.27,134.02,137.49,127360042,NVDA,2024-12-30
2024-12-31,137.97,138.07,133.83,134.29,115128379,NVDA,2024-12-31
2025-01-02,136.0,138.88,134.63,138.31,142568729,NVDA,2025-01-02
2025-01-03,140.0,144.9,139.73,144.47,163114333,NVDA,2025-01-03
2025-01-06,148.59,152.16,147.82,149.43,182200377,NVDA,2025-01-06
2025-01-07,153.02,153.13,140.01,140.14,253553122,NVDA,2025-01-07
2025-01-08,142.59,143.95,137.56,140.11,159447026,NVDA,2025-01-08
2025-01-10,137.45,139.92,134.22,135.91,141108548,NVDA,2025-01-10
2025-01-13,129.99,133.49,129.51,133.23,135478790,NVDA,2025-01-13
2025-01-14,136.04,136.38,130.05,131.76,142807645,NVDA,2025-01-14
2025-01-15,133.65,136.45,131.29,136.24,129799869,NVDA,2025-01-15
2025-01-16,138.64,138.75,133.49,133.57,138126643,NVDA,2025-01-16
2025-01-17,136.7,138.5,135.46,137.71,129702358,NVDA,2025-01-17
2025-01-21,139.24,141.83,137.09,140.83,123216456,NVDA,2025-01-21
2025-01-22,144.71,147.79,143.67,147.07,161572127,NVDA,2025-01-22
2025-01-23,145.05,147.23,143.72,147.22,108633677,NVDA,2025-01-23
2025-01-24,148.37,148.97,141.88,142.62,165313625,NVDA,2025-01-24
2025-01-27,124.8,128.4,116.7,118.42,530221593,NVDA,2025-01-27
2025-01-28,121.81,129.0,116.25,128.99,428269402,NVDA,2025-01-28
2025-01-29,126.5,126.89,120.05,123.7,293382479,NVDA,2025-01-29
2025-01-30,123.1,125.0,118.1,124.65,271133100,NVDA,2025-01-30
2025-01-31,123.78,127.85,119.19,120.07,265995179,NVDA,2025-01-31
2025-02-03,114.76,118.57,113.01,116.66,257129835,NVDA,2025-02-03
2025-02-04,116.97,121.2,116.7,118.65,173904032,NVDA,2025-02-04
2025-02-05,121.75,125.0,120.76,124.83,188481021,NVDA,2025-02-05
2025-02-06,127.43,128.77,125.21,128.68,181587675,NVDA,2025-02-06
2025-02-07,129.22,130.37,125.0,129.84,170043591,NVDA,2025-02-07
2025-02-10,130.05,135.0,129.96,133.57,155334653,NVDA,2025-02-10
2025-02-11,132.58,134.48,131.02,132.8,134258171,NVDA,2025-02-11
2025-02-12,130.01,132.24,129.08,131.14,113731712,NVDA,2025-02-12
2025-02-13,131.55,136.5,131.17,135.29,146054581,NVDA,2025-02-13
2025-02-14,136.48,139.25,135.54,138.85,143821350,NVDA,2025-02-14
2025-02-18,141.27,143.44,137.92,139.4,154409787,NVDA,2025-02-18
2025-02-19,139.45,141.36,137.22,139.23,122162060,NVDA,2025-02-19
2025-02-20,140.14,140.66,136.79,140.11,105161129,NVDA,2025-02-20
2025-02-21,139.99,141.46,134.03,134.43,156595870,NVDA,2025-02-21
2025-02-24,136.83,138.59,130.1,130.28,169064572,NVDA,2025-02-24
2025-02-25,129.98,130.2,124.44,126.63,191668457,NVDA,2025-02-25
2025-02-26,129.95,133.73,128.49,131.28,199132314,NVDA,2025-02-26
2025-02-27,135.0,135.01,120.05,120.15,311000338,NVDA,2025-02-27
2025-02-28,118.04,125.09,116.41,124.92,251320925,NVDA,2025-02-28
2025-03-03,123.5,123.7,112.28,114.06,304558719,NVDA,2025-03-03
2025-03-04,110.65,119.31,110.11,115.99,283799228,NVDA,2025-03-04
2025-03-05,117.58,118.28,114.51,117.3,200066256,NVDA,2025-03-05
2025-03-06,113.5,115.35,110.22,110.57,223957575,NVDA,2025-03-06
2025-03-07,111.25,113.48,107.57,112.69,258909088,NVDA,2025-03-07
2025-03-10,109.94,111.85,105.46,106.98,269335096,NVDA,2025-03-10
2025-03-11,107.02,112.24,104.79,108.76,260950472,NVDA,2025-03-11
2025-03-12,114.12,116.76,112.88,115.74,238276650,NVDA,2025-03-12
2025-03-13,117.03,117.76,113.79,115.58,224208336,NVDA,2025-03-13
2025-03-14,118.6,121.88,118.15,121.67,200057705,NVDA,2025-03-14
2025-03-17,122.71,122.89,118.03,119.53,192381627,NVDA,2025-03-17
2025-03-18,117.96,119.02,114.54,115.43,223391618,NVDA,2025-03-18
2025-03-19,117.27,120.45,115.68,117.52,202763151,NVDA,2025-03-19
2025-03-20,116.55,120.2,116.47,118.53,170629512,NVDA,2025-03-20
2025-03-21,116.95,117.99,115.42,117.7,165034104,NVDA,2025-03-21
2025-03-24,119.88,122.22,119.34,121.41,148994593,NVDA,2025-03-24
2025-03-25,120.53,121.29,118.92,120.69,123171635,NVDA,2025-03-25
2025-03-26,118.73,118.84,112.71,113.76,220884823,NVDA,2025-03-26
2025-03-27,111.35,114.45,110.69,111.43,168816884,NVDA,2025-03-27
2025-03-28,111.48,112.87,109.07,109.67,168948090,NVDA,2025-03-28
2025-03-31,105.12,108.96,103.65,108.38,206011539,NVDA,2025-03-31
2025-04-01,108.52,110.2,106.47,110.15,163691924,NVDA,2025-04-01
2025-04-02,107.29,111.98,106.79,110.42,154372204,NVDA,2025-04-02
2025-04-03,103.55,105.63,101.6,101.8,240906775,NVDA,2025-04-03
2025-04-04,98.94,100.08,92.11,94.31,373273986,NVDA,2025-04-04
2025-04-07,87.46,101.75,86.62,97.64,434693703,NVDA,2025-04-07
2025-04-08,103.81,105.85,94.46,96.3,349389066,NVDA,2025-04-08
2025-04-09,98.94,115.09,97.7,114.33,431067582,NVDA,2025-04-09
2025-04-10,109.33,110.86,103.01,107.57,320748444,NVDA,2025-04-10
2025-04-11,108.5,111.55,107.49,110.93,228909952,NVDA,2025-04-11
2025-04-14,114.15,114.29,109.07,110.71,194026009,NVDA,2025-04-14
2025-04-15,110.97,113.62,110.5,112.2,160409821,NVDA,2025-04-15
2025-04-16,104.44,106.79,100.45,104.49,283737575,NVDA,2025-04-16
2025-04-17,104.47,104.47,100.05,101.49,227825423,NVDA,2025-04-17
2025-04-21,98.76,99.44,95.04,96.91,193597436,NVDA,2025-04-21
2025-04-22,98.76,99.82,97.28,98.89,173350967,NVDA,2025-04-22
2025-04-23,104.52,104.8,102.02,102.71,174018085,NVDA,2025-04-23
2025-04-24,103.49,106.54,103.11,106.43,153065952,NVDA,2025-04-24
2025-04-25,106.86,111.92,105.73,111.01,191437624,NVDA,2025-04-25
2025-04-28,109.7,110.37,106.02,108.73,150008036,NVDA,2025-04-28
2025-04-29,107.67,110.2,107.44,109.02,128529321,NVDA,2025-04-29
2025-04-30,104.48,108.92,104.08,108.92,146091682,NVDA,2025-04-30
2025-05-01,113.08,114.94,111.3,111.61,168943802,NVDA,2025-05-01
2025-05-02,114.16,115.4,113.37,114.5,135865900,NVDA,2025-05-02
2025-05-05,112.91,114.67,112.66,113.82,93151666,NVDA,2025-05-05
2025-05-06,111.47,114.74,110.82,113.54,113652659,NVDA,2025-05-06
2025-05-07,113.04,117.68,112.28,117.06,149915673,NVDA,2025-05-07
2025-05-08,118.49,118.68,115.85,117.37,143439959,NVDA,2025-05-08
2025-05-09,117.33,118.23,115.21,116.65,101964769,NVDA,2025-05-09
2025-05-12,121.94,123.0,120.28,123.0,154779037,NVDA,2025-05-12
2025-05-13,124.98,131.22,124.47,129.93,230104551,NVDA,2025-05-13
2025-05-14,133.21,135.44,131.68,135.34,190608245,NVDA,2025-05-14
2025-05-15,134.3,136.3,132.66,134.83,162661702,NVDA,2025-05-15
2025-05-16,136.3,136.35,133.46,135.4,150870631,NVDA,2025-05-16
2025-05-19,132.36,135.87,132.34,135.57,132781472,NVDA,2025-05-19
2025-05-20,134.3,134.58,132.62,134.38,117500892,NVDA,2025-05-20
2025-05-21,133.04,137.4,130.59,131.8,203043398,NVDA,2025-05-21
2025-05-22,132.22,134.25,131.55,132.83,137195415,NVDA,2025-05-22
2025-05-23,130.0,132.66,129.16,131.29,141362813,NVDA,2025-05-23
2025-05-27,134.14,135.66,133.31,135.5,139557043,NVDA,2025-05-27
2025-05-28,136.02,137.25,134.79,134.81,178614721,NVDA,2025-05-28
2025-05-29,142.25,143.49,137.93,139.19,268666767,NVDA,2025-05-29
2025-05-30,138.69,139.62,132.92,135.13,212924350,NVDA,2025-05-30
2025-06-02,135.58,138.12,135.4,137.38,129835889,NVDA,2025-06-02
2025-06-03,138.81,142.0,137.95,141.22,158312827,NVDA,2025-06-03
2025-06-04,142.19,142.39,139.54,141.92,118991578,NVDA,2025-06-04
2025-06-05,142.15,144.0,138.83,139.99,157379257,NVDA,2025-06-05
2025-06-06,142.51,143.27,141.51,141.72,110237921,NVDA,2025-06-06
2025-06-09,143.21,145.0,141.95,142.63,133147128,NVDA,2025-06-09
2025-06-10,142.69,144.29,141.52,143.96,104456927,NVDA,2025-06-10
2025-06-11,144.63,144.99,141.87,142.83,117153736,NVDA,2025-06-11
2025-06-12,141.99,145.0,141.85,145.0,117958659,NVDA,2025-06-12
2025-06-13,142.48,143.58,140.85,141.97,124371843,NVDA,2025-06-13
2025-06-16,143.38,146.18,143.25,144.69,130385043,NVDA,2025-06-16
2025-06-17,144.54,145.22,143.78,144.12,96279240,NVDA,2025-06-17
2025-06-18,144.02,145.65,143.12,145.48,113293950,NVDA,2025-06-18
2025-06-20,145.45,146.2,142.65,143.85,135307382,NVDA,2025-06-20
2025-06-23,142.5,144.78,142.03,144.17,106368415,NVDA,2025-06-23
2025-06-24,145.55,147.96,145.5,147.9,116905147,NVDA,2025-06-24
2025-06-25,149.29,154.45,149.25,154.31,191747360,NVDA,2025-06-25
2025-06-26,155.97,156.72,154.0,155.02,139032976,NVDA,2025-06-26
2025-06-27,156.04,158.71,155.25,157.75,154490456,NVDA,2025-06-27
2025-06-30,158.41,158.66,155.97,157.99,115568972,NVDA,2025-06-30
2025-07-01,156.26,157.2,151.49,153.3,155526715,NVDA,2025-07-01
2025-07-02,152.97,157.6,152.95,157.25,121046683,NVDA,2025-07-02
2025-07-03,158.37,160.98,157.77,159.34,97875755,NVDA,2025-07-03
2025-07-07,158.2,159.31,157.34,158.24,96582980,NVDA,2025-07-07
2025-07-08,159.34,160.22,158.39,160.0,96926302,NVDA,2025-07-08
2025-07-09,161.23,164.42,161.16,162.88,125676177,NVDA,2025-07-09
2025-07-10,164.33,164.5,161.61,164.1,119258767,NVDA,2025-07-10
2025-07-11,163.73,167.89,163.47,164.92,143521374,NVDA,2025-07-11
2025-07-14,165.34,165.49,162.02,164.07,100790322,NVDA,2025-07-14
2025-07-15,171.19,172.4,169.19,170.7,157400188,NVDA,2025-07-15
2025-07-16,171.07,171.75,168.9,171.37,114174929,NVDA,2025-07-16
2025-07-17,172.07,174.16,170.83,173.0,113734243,NVDA,2025-07-17
2025-07-18,173.64,174.25,171.26,172.41,95790247,NVDA,2025-07-18
2025-07-21,172.78,173.38,171.0,171.38,81555531,NVDA,2025-07-21
2025-07-22,171.4,171.4,164.58,167.03,133291847,NVDA,2025-07-22
2025-07-23,169.54,171.26,168.0,170.78,105444154,NVDA,2025-07-23
2025-07-24,172.6,173.83,171.3,173.74,90689754,NVDA,2025-07-24
2025-07-25,173.6,174.72,172.96,173.5,86619406,NVDA,2025-07-25
2025-07-28,174.01,176.98,173.97,176.75,92740687,NVDA,2025-07-28
2025-07-29,178.0,179.38,175.02,175.51,108415790,NVDA,2025-07-29
2025-07-30,176.51,179.89,176.04,179.27,116925141,NVDA,2025-07-30
2025-07-31,182.9,183.3,175.93,177.87,151669297,NVDA,2025-07-31
2025-08-01,174.12,176.54,170.89,173.72,143856347,NVDA,2025-08-01
2025-08-04,175.16,180.2,174.52,180.0,99848579,NVDA,2025-08-04
2025-08-05,179.62,180.26,175.9,178.26,114434634,NVDA,2025-08-05
2025-08-06,176.33,179.9,176.25,179.42,93894734,NVDA,2025-08-06
2025-08-07,181.59,183.88,178.79,180.77,112915123,NVDA,2025-08-07
2025-08-08,181.54,183.3,180.4,182.7,90409669,NVDA,2025-08-08
2025-08-11,182.05,183.84,180.25,182.06,97926048,NVDA,2025-08-11
2025-08-12,182.96,184.48,179.46,183.16,99217507,NVDA,2025-08-12
2025-08-13,182.62,183.97,179.35,181.59,122658081,NVDA,2025-08-13
2025-08-14,179.73,183.01,179.46,182.02,91438091,NVDA,2025-08-14
2025-08-15,181.78,181.9,178.04,180.45,107621064,NVDA,2025-08-15
2025-08-18,180.58,182.94,180.58,182.01,94733432,NVDA,2025-08-18
2025-08-19,182.43,182.5,175.49,175.64,134334741,NVDA,2025-08-19
2025-08-20,175.17,176.0,168.8,175.4,153361257,NVDA,2025-08-20
2025-08-21,174.85,176.9,173.81,174.98,95964657,NVDA,2025-08-21
2025-08-22,172.61,178.59,171.2,177.99,127271759,NVDA,2025-08-22
2025-08-25,178.36,181.91,176.57,179.81,116859028,NVDA,2025-08-25
2025-08-26,180.06,182.39,178.81,181.77,101039828,NVDA,2025-08-26
2025-08-27,182.0,182.49,179.11,181.6,133825494,NVDA,2025-08-27
2025-08-28,180.9,184.47,176.41,180.17,194146531,NVDA,2025-08-28
2025-08-29,178.08,178.15,173.14,174.18,168649086,NVDA,2025-08-29
2025-09-02,170.06,172.38,167.22,170.78,159244505,NVDA,2025-09-02
2025-09-03,171.05,172.41,168.87,170.62,113094408,NVDA,2025-09-03
2025-09-04,170.54,171.86,169.41,171.66,91196044,NVDA,2025-09-04
2025-09-05,168.01,169.03,164.07,167.02,150229467,NVDA,2025-09-05
2025-09-08,167.55,170.96,167.35,168.31,113890450,NVDA,2025-09-08
2025-09-09,169.08,170.98,166.74,170.76,104617593,NVDA,2025-09-09
2025-09-10,176.64,179.29,175.47,177.33,159398601,NVDA,2025-09-10
2025-09-11,179.68,180.28,176.48,177.17,102838662,NVDA,2025-09-11
2025-09-12,177.82,178.6,176.45,177.82,83026763,NVDA,2025-09-12
2025-09-15,175.68,178.85,174.51,177.75,101480418,NVDA,2025-09-15
2025-09-16,177.0,177.5,174.38,174.88,94333054,NVDA,2025-09-16
2025-09-17,172.59,173.2,168.41,170.29,151521666,NVDA,2025-09-17
2025-09-18,173.98,177.1,172.97,176.24,126936931,NVDA,2025-09-18
2025-09-19,175.7,178.08,175.18,176.67,118025866,NVDA,2025-09-19
2025-09-22,175.3,184.55,174.7,183.61,197231668,NVDA,2025-09-22
2025-09-23,181.97,182.42,176.21,178.43,128333096,NVDA,2025-09-23
2025-09-24,179.77,179.78,175.4,176.97,94343710,NVDA,2025-09-24
2025-09-25,174.47,180.26,173.12,177.69,140064614,NVDA,2025-09-25
2025-09-26,178.16,179.77,174.96,178.19,100987455,NVDA,2025-09-26
2025-09-29,180.43,184.0,180.32,181.85,128223210,NVDA,2025-09-29
2025-09-30,182.1,187.35,181.48,186.58,161223404,NVDA,2025-09-30
2025-10-01,185.21,188.14,183.9,187.24,114457053,NVDA,2025-10-01
2025-10-02,189.61,191.03,188.06,188.89,93508019,NVDA,2025-10-02
2025-10-03,189.18,190.36,185.38,187.62,91755773,NVDA,2025-10-03
2025-10-06,185.46,187.23,183.33,185.54,102125205,NVDA,2025-10-06
2025-10-07,186.25,189.06,184.0,185.04,98940471,NVDA,2025-10-07
2025-10-08,186.57,189.6,186.54,189.11,88479392,NVDA,2025-10-08
2025-10-09,192.29,195.3,191.06,192.57,124727018,NVDA,2025-10-09
2025-10-10,193.5,195.62,182.05,183.16,169015747,NVDA,2025-10-10
2025-10-13,187.99,190.11,186.0,188.32,95589000,NVDA,2025-10-13
2025-10-14,184.77,184.8,179.7,180.03,131480461,NVDA,2025-10-14
2025-10-15,184.8,184.87,177.29,179.83,134878881,NVDA,2025-10-15
2025-10-16,182.23,183.28,179.77,181.81,120854697,NVDA,2025-10-16
2025-10-17,180.2,184.1,179.75,183.22,114578306,NVDA,2025-10-17
2025-10-20,183.07,185.2,181.73,182.64,88862528,NVDA,2025-10-20
2025-10-21,182.79,182.79,179.8,181.16,81894322,NVDA,2025-10-21
2025-10-22,181.14,183.44,176.84,180.28,106526543,NVDA,2025-10-22
2025-10-23,180.4,183.03,179.79,182.16,73476715,NVDA,2025-10-23
2025-10-24,183.86,187.47,183.5,186.26,88653416,NVDA,2025-10-24
2025-10-27,190.0,192.0,188.43,191.49,99626526,NVDA,2025-10-27
2025-10-28,193.06,203.15,191.91,201.03,207756830,NVDA,2025-10-28
2025-10-29,207.99,212.19,204.77,207.04,198868299,NVDA,2025-10-29
2025-10-30,205.15,206.16,201.41,202.89,107935116,NVDA,2025-10-30
2025-10-31,206.45,207.97,202.07,202.49,103237790,NVDA,2025-10-31
2025-11-03,208.08,211.34,205.56,206.88,118264113,NVDA,2025-11-03
2025-11-04,202.99,203.97,197.93,198.69,110750315,NVDA,2025-11-04
2025-11-05,198.77,202.92,194.65,195.21,105877600,NVDA,2025-11-05
2025-11-06,196.52,197.62,186.38,188.08,144229999,NVDA,2025-11-06
2025-11-07,184.9,188.31,178.95,188.15,160118748,NVDA,2025-11-07
2025-11-10,195.09,199.94,193.79,199.05,126563018,NVDA,2025-11-10
2025-11-11,195.18,195.42,191.3,193.16,113203130,NVDA,2025-11-11
2025-11-12,195.72,195.89,191.13,193.8,104313866,NVDA,2025-11-12
2025-11-13,191.05,191.44,183.85,186.86,133574004,NVDA,2025-11-13
2025-11-14,182.86,191.01,180.58,190.17,120200875,NVDA,2025-11-14
2025-11-17,185.97,189.0,184.32,186.6,107201323,NVDA,2025-11-17
2025-11-18,183.4,184.8,179.65,181.36,136226452,NVDA,2025-11-18
2025-11-19,184.75,187.86,182.83,186.52,130362146,NVDA,2025-11-19
2025-11-20,196.0,196.0,179.86,180.64,225889094,NVDA,2025-11-20
2025-11-21,181.24,184.56,172.93,178.88,210467136,NVDA,2025-11-21
2025-11-24,179.47,183.5,176.48,182.55,140271435,NVDA,2025-11-24
2025-11-25,174.91,178.16,169.55,177.82,199067624,NVDA,2025-11-25
2025-11-26,181.69,182.91,178.24,180.26,116914964,NVDA,2025-11-26
2025-11-28,179.0,179.29,176.5,177.0,75080889,NVDA,2025-11-28
2025-12-01,174.76,180.3,173.68,179.92,115019659,NVDA,2025-12-01
2025-12-02,181.77,185.66,180.0,181.46,123351277,NVDA,2025-12-02
2025-12-03,181.08,182.45,179.11,179.59,98375967,NVDA,2025-12-03
2025-12-04,181.62,184.52,180.0,183.38,109663078,NVDA,2025-12-04
2025-12-05,183.89,184.66,180.91,182.41,90934376,NVDA,2025-12-05
2025-12-08,182.68,187.99,182.4,185.55,133101613,NVDA,2025-12-08
2025-12-09,185.57,185.72,183.32,184.97,91478672,NVDA,2025-12-09
2025-12-10,184.97,185.48,182.03,183.78,103536629,NVDA,2025-12-10
2025-12-11,180.29,181.32,176.62,180.93,117001731,NVDA,2025-12-11
2025-12-12,181.11,182.82,174.62,175.02,127887293,NVDA,2025-12-12
2025-12-15,177.94,178.42,175.03,176.29,102830591,NVDA,2025-12-15
2025-12-16,176.22,178.49,174.9,177.72,93845838,NVDA,2025-12-16
2025-12-17,176.1,176.13,170.31,170.94,139251210,NVDA,2025-12-17
2025-12-18,174.56,176.15,171.82,174.14,107668531,NVDA,2025-12-18
2025-12-19,176.67,181.45,176.36,180.99,146882940,NVDA,2025-12-19
2025-12-22,183.92,184.16,182.35,183.69,80877541,NVDA,2025-12-22
2025-12-23,182.98,189.33,182.9,189.21,118977100,NVDA,2025-12-23
2025-12-24,187.94,188.91,186.59,188.61,46127137,NVDA,2025-12-24
2025-12-26,189.92,192.69,188.0,190.53,101521811,NVDA,2025-12-26
2025-12-29,187.7,188.76,185.92,188.22,77974139,NVDA,2025-12-29
2025-12-30,188.23,188.99,186.93,187.54,66200007,NVDA,2025-12-30
2025-12-31,189.57,190.56,186.49,186.5,78821631,NVDA,2025-12-31
2026-01-02,189.84,192.93,188.26,188.85,102860965,NVDA,2026-01-02
2026-01-05,191.82,193.63,186.15,188.12,124959337,NVDA,2026-01-05
2026-01-06,190.51,192.18,186.82,187.24,119676535,NVDA,2026-01-06
2026-01-07,188.57,191.37,186.56,189.11,99548000,NVDA,2026-01-07
2026-01-08,189.12,189.55,183.71,185.04,113525200,NVDA,2026-01-08
2026-01-09,185.04,186.34,183.67,184.86,88095520,NVDA,2026-01-09
2026-01-12,183.12,187.12,183.1,184.94,85766017,NVDA,2026-01-12
2026-01-13,185.01,188.11,183.4,185.81,109048359,NVDA,2026-01-13
2026-01-14,184.33,184.46,180.8,183.14,104608026,NVDA,2026-01-14
2026-01-15,186.51,189.7,186.33,187.05,133205257,NVDA,2026-01-15
2026-01-16,189.05,190.44,186.08,186.23,104387305,NVDA,2026-01-16
2026-01-20,181.91,182.38,177.68,178.07,140917398,NVDA,2026-01-20
2026-01-21,179.05,185.38,178.42,183.32,136599229,NVDA,2026-01-21
2026-01-22,184.71,186.17,183.93,184.84,96192951,NVDA,2026-01-22
2026-01-23,187.51,189.6,186.82,187.67,95092964,NVDA,2026-01-23
2026-01-26,187.17,189.12,186.0,186.47,81591410,NVDA,2026-01-26
2026-01-27,187.24,190.0,185.7,188.52,100332829,NVDA,2026-01-27
2026-01-28,191.28,192.35,189.84,191.52,104982911,NVDA,2026-01-28
2026-01-29,191.34,193.48,186.06,192.51,117911085,NVDA,2026-01-29
2026-01-30,191.21,194.49,189.47,191.13,105829834,NVDA,2026-01-30
2026-02-02,187.21,190.3,184.88,185.61,104317572,NVDA,2026-02-02
2026-02-03,186.23,186.27,176.23,180.34,131724465,NVDA,2026-02-03
2026-02-04,179.46,179.58,171.91,174.19,127689626,NVDA,2026-02-04
2026-02-05,174.99,176.82,171.03,171.88,115548285,NVDA,2026-02-05
2026-02-06,176.7,187.0,174.6,185.41,152142993,NVDA,2026-02-06
2026-02-09,184.26,193.66,183.93,190.04,126059982,NVDA,2026-02-09
2026-02-10,191.4,192.48,188.12,188.54,86953720,NVDA,2026-02-10
2026-02-11,192.43,193.26,188.77,190.05,95577609,NVDA,2026-02-11
2026-02-12,193.03,193.61,186.51,186.94,121473849,NVDA,2026-02-12
2026-02-13,187.5,187.51,181.59,182.81,105382320,NVDA,2026-02-13
2026-02-17,181.77,187.15,179.18,184.97,108347131,NVDA,2026-02-17
2026-02-18,188.74,190.37,186.76,187.98,110943535,NVDA,2026-02-18
2026-02-19,187.07,188.43,185.66,187.9,83949845,NVDA,2026-02-19
2026-02-20,186.57,190.33,185.93,189.82,119021765,NVDA,2026-02-20
2026-02-23,191.45,193.95,189.57,191.55,114449913,NVDA,2026-02-23
2026-02-24,191.47,193.77,187.4,192.85,110782020,NVDA,2026-02-24
2026-02-25,194.47,197.63,193.79,195.56,134867714,NVDA,2026-02-25
2026-02-26,194.27,194.29,184.31,184.89,243143137,NVDA,2026-02-26
2026-02-27,181.25,182.59,176.38,177.19,181575780,NVDA,2026-02-27
2026-03-02,175.01,183.46,174.65,182.48,127498422,NVDA,2026-03-02
2026-03-03,178.49,180.9,176.92,180.05,114321018,NVDA,2026-03-03
2026-03-04,180.41,184.7,180.06,183.04,116993615,NVDA,2026-03-04
2026-03-05,181.17,184.06,177.88,183.34,135082144,NVDA,2026-03-05
2026-03-06,179.8,182.76,176.82,177.82,121676602,NVDA,2026-03-06
2026-03-09,176.85,182.91,175.56,182.65,110093050,NVDA,2026-03-09
2026-03-10,182.4,186.44,182.01,184.77,124880616,NVDA,2026-03-10
2026-03-11,185.89,187.62,184.45,186.03,93286081,NVDA,2026-03-11
2026-03-12,184.03,184.94,181.75,183.14,104025592,NVDA,2026-03-12
2026-03-13,184.92,186.09,179.94,180.25,113443963,NVDA,2026-03-13
2026-03-16,182.95,188.88,181.41,183.22,150962618,NVDA,2026-03-16
2026-03-17,185.07,185.4,181.68,181.93,122340797,NVDA,2026-03-17
2026-03-18,182.57,183.38,180.33,180.4,109860009,NVDA,2026-03-18
2026-03-19,178.01,179.98,175.78,178.56,116914113,NVDA,2026-03-19
2026-03-20,178.0,178.26,171.72,172.7,131309412,NVDA,2026-03-20
2026-03-23,177.39,178.37,174.76,175.64,117917350,NVDA,2026-03-23
2026-03-24,174.83,176.22,173.98,175.2,96025142,NVDA,2026-03-24
2026-03-25,177.1,181.22,176.87,178.68,112549563,NVDA,2026-03-25
2026-03-26,176.15,176.51,171.14,171.24,120690501,NVDA,2026-03-26
2026-03-27,170.0,170.97,167.01,167.52,126291293,NVDA,2026-03-27
2026-03-30,168.78,169.45,164.27,165.17,119570242,NVDA,2026-03-30
2026-03-31,166.98,174.62,166.96,174.4,144019814,NVDA,2026-03-31
2026-04-01,176.0,177.37,174.75,175.75,104102076,NVDA,2026-04-01
2026-04-02,172.18,177.49,171.37,177.39,95786853,NVDA,2026-04-02
2026-04-06,177.11,177.79,175.76,177.64,75595750,NVDA,2026-04-06
2026-04-07,175.64,178.23,173.66,178.1,89805946,NVDA,2026-04-07
2026-04-08,184.47,185.26,180.3,182.08,97651035,NVDA,2026-04-08
2026-04-09,181.84,184.08,180.62,183.91,78035798,NVDA,2026-04-09
2026-04-10,184.31,190.0,184.3,188.63,112718489,NVDA,2026-04-10
2026-04-13,186.03,189.66,185.74,189.31,88827434,NVDA,2026-04-13
2026-04-14,190.92,196.51,190.77,196.51,106411440,NVDA,2026-04-14
2026-04-15,196.55,200.4,195.74,198.87,128355337,NVDA,2026-04-15
2026-04-16,197.43,199.85,195.81,198.35,90105072,NVDA,2026-04-16
2026-04-17,199.9,201.7,199.27,201.68,101533780,NVDA,2026-04-17
